created_at,TextPivot,Count of Number of Records
3/3/2020,week,196
3/3/2020,toilet,130
3/3/2020,stay,218
3/3/2020,safe,223
3/3/2020,read,182
3/3/2020,quarantine,157
3/3/2020,public,431
3/3/2020,protect,220
3/3/2020,panic,269
3/3/2020,pandemic,242
3/3/2020,news,397
3/3/2020,media,244
3/3/2020,home,382
3/3/2020,care,341
4/3/2020,week,625
4/3/2020,toilet,731
4/3/2020,stay,727
4/3/2020,safe,767
4/3/2020,read,567
4/3/2020,quarantine,514
4/3/2020,public,1300
4/3/2020,protect,749
4/3/2020,panic,878
4/3/2020,pandemic,598
4/3/2020,news,1072
4/3/2020,media,698
4/3/2020,home,1156
4/3/2020,care,767
5/3/2020,week,754
5/3/2020,toilet,579
5/3/2020,stay,902
5/3/2020,safe,869
5/3/2020,read,677
5/3/2020,quarantine,635
5/3/2020,public,1538
5/3/2020,protect,944
5/3/2020,panic,1034
5/3/2020,pandemic,710
5/3/2020,news,1244
5/3/2020,media,792
5/3/2020,home,1554
5/3/2020,care,974
6/3/2020,week,835
6/3/2020,toilet,577
6/3/2020,stay,705
6/3/2020,safe,752
6/3/2020,read,599
6/3/2020,quarantine,542
6/3/2020,public,1298
6/3/2020,protect,797
6/3/2020,panic,885
6/3/2020,pandemic,650
6/3/2020,news,1142
6/3/2020,media,662
6/3/2020,home,1223
6/3/2020,care,924
7/3/2020,week,720
7/3/2020,toilet,1587
7/3/2020,stay,769
7/3/2020,safe,673
7/3/2020,read,1056
7/3/2020,quarantine,738
7/3/2020,public,1260
7/3/2020,protect,626
7/3/2020,panic,1278
7/3/2020,pandemic,622
7/3/2020,news,866
7/3/2020,media,668
7/3/2020,home,1162
7/3/2020,care,981
8/3/2020,week,736
8/3/2020,toilet,1343
8/3/2020,stay,630
8/3/2020,safe,541
8/3/2020,read,1061
8/3/2020,quarantine,1015
8/3/2020,public,1240
8/3/2020,protect,547
8/3/2020,panic,1024
8/3/2020,pandemic,603
8/3/2020,news,898
8/3/2020,media,721
8/3/2020,home,1138
8/3/2020,care,1132
9/3/2020,week,1403
9/3/2020,toilet,1436
9/3/2020,stay,1454
9/3/2020,safe,1418
9/3/2020,read,1358
9/3/2020,quarantine,1609
9/3/2020,public,1997
9/3/2020,protect,1233
9/3/2020,panic,1722
9/3/2020,pandemic,1610
9/3/2020,news,1721
9/3/2020,media,1415
9/3/2020,home,2328
9/3/2020,care,1590
10/3/2020,week,1323
10/3/2020,toilet,1373
10/3/2020,stay,1538
10/3/2020,safe,1296
10/3/2020,read,1677
10/3/2020,quarantine,1240
10/3/2020,public,2467
10/3/2020,protect,1318
10/3/2020,panic,1548
10/3/2020,pandemic,1379
10/3/2020,news,1896
10/3/2020,media,1453
10/3/2020,home,2736
10/3/2020,care,1797
3/3/2020,weeks,125
3/3/2020,toilet,61
3/3/2020,stay,112
3/3/2020,safe,99
3/3/2020,read,104
3/3/2020,quarantine,74
3/3/2020,public,218
3/3/2020,protect,106
3/3/2020,panic,140
3/3/2020,pandemic,124
3/3/2020,news,202
3/3/2020,media,126
3/3/2020,home,243
3/3/2020,care,196
4/3/2020,weeks,464
4/3/2020,toilet,541
4/3/2020,stay,558
4/3/2020,safe,595
4/3/2020,read,400
4/3/2020,quarantine,412
4/3/2020,public,945
4/3/2020,protect,565
4/3/2020,panic,710
4/3/2020,pandemic,471
4/3/2020,news,764
4/3/2020,media,501
4/3/2020,home,913
4/3/2020,care,662
5/3/2020,weeks,466
5/3/2020,toilet,370
5/3/2020,stay,632
5/3/2020,safe,620
5/3/2020,read,487
5/3/2020,quarantine,410
5/3/2020,public,1050
5/3/2020,protect,700
5/3/2020,panic,711
5/3/2020,pandemic,430
5/3/2020,news,816
5/3/2020,media,498
5/3/2020,home,1135
5/3/2020,care,626
6/3/2020,weeks,713
6/3/2020,toilet,546
6/3/2020,stay,789
6/3/2020,safe,803
6/3/2020,read,624
6/3/2020,quarantine,622
6/3/2020,public,1315
6/3/2020,protect,909
6/3/2020,panic,997
6/3/2020,pandemic,667
6/3/2020,news,1172
6/3/2020,media,749
6/3/2020,home,1398
6/3/2020,care,1046
7/3/2020,weeks,596
7/3/2020,toilet,1470
7/3/2020,stay,715
7/3/2020,safe,618
7/3/2020,read,1093
7/3/2020,quarantine,723
7/3/2020,public,1208
7/3/2020,protect,638
7/3/2020,panic,1136
7/3/2020,pandemic,595
7/3/2020,news,818
7/3/2020,media,640
7/3/2020,home,1076
7/3/2020,care,912
8/3/2020,weeks,792
8/3/2020,toilet,1409
8/3/2020,stay,697
8/3/2020,safe,618
8/3/2020,read,1097
8/3/2020,quarantine,1013
8/3/2020,public,1229
8/3/2020,protect,636
8/3/2020,panic,1109
8/3/2020,pandemic,650
8/3/2020,news,921
8/3/2020,media,757
8/3/2020,home,1213
8/3/2020,care,1053
9/3/2020,weeks,924
9/3/2020,toilet,1047
9/3/2020,stay,1060
9/3/2020,safe,1010
9/3/2020,read,1000
9/3/2020,quarantine,1056
9/3/2020,public,1619
9/3/2020,protect,904
9/3/2020,panic,1369
9/3/2020,pandemic,1120
9/3/2020,news,1239
9/3/2020,media,974
9/3/2020,home,1587
9/3/2020,care,1168
10/3/2020,weeks,1098
10/3/2020,toilet,1173
10/3/2020,stay,1230
10/3/2020,safe,1117
10/3/2020,read,1388
10/3/2020,quarantine,892
10/3/2020,public,1833
10/3/2020,protect,1109
10/3/2020,panic,1210
10/3/2020,pandemic,1034
10/3/2020,news,1426
10/3/2020,media,1107
10/3/2020,home,2097
10/3/2020,care,1412
11/3/2020,weeks,1257
11/3/2020,toilet,804
11/3/2020,support,873
11/3/2020,stay,1213
11/3/2020,social,866
11/3/2020,schools,1368
11/3/2020,school,1017
11/3/2020,safe,1179
11/3/2020,read,1070
11/3/2020,public,1976
11/3/2020,protect,1062
11/3/2020,pandemic,3227
11/3/2020,news,1414
11/3/2020,hope,854
11/3/2020,home,2318
11/3/2020,friends,451
11/3/2020,family,586
11/3/2020,care,1533
12/3/2020,weeks,1083
12/3/2020,toilet,647
12/3/2020,support,519
12/3/2020,stay,1096
12/3/2020,social,775
12/3/2020,schools,1161
12/3/2020,school,868
12/3/2020,safe,1092
12/3/2020,read,924
12/3/2020,public,1522
12/3/2020,protect,797
12/3/2020,pandemic,1823
12/3/2020,news,1103
12/3/2020,hope,779
12/3/2020,home,1869
12/3/2020,friends,321
12/3/2020,family,457
12/3/2020,care,1142
13/3/2020,weeks,1598
13/3/2020,toilet,1552
13/3/2020,support,1080
13/3/2020,stay,1549
13/3/2020,social,1125
13/3/2020,schools,1706
13/3/2020,school,1465
13/3/2020,safe,1835
13/3/2020,read,1047
13/3/2020,public,1970
13/3/2020,protect,1156
13/3/2020,pandemic,2516
13/3/2020,news,1639
13/3/2020,hope,1221
13/3/2020,home,2805
13/3/2020,friends,548
13/3/2020,family,701
13/3/2020,care,1565
14/3/2020,weeks,1461
14/3/2020,toilet,1906
14/3/2020,support,1236
14/3/2020,stay,1757
14/3/2020,social,1489
14/3/2020,schools,1158
14/3/2020,school,1079
14/3/2020,safe,2055
14/3/2020,read,1431
14/3/2020,public,1911
14/3/2020,protect,1198
14/3/2020,pandemic,2589
14/3/2020,news,1566
14/3/2020,hope,1338
14/3/2020,home,2919
14/3/2020,friends,698
14/3/2020,family,987
14/3/2020,care,1694
15/3/2020,weeks,1126
15/3/2020,toilet,935
15/3/2020,support,773
15/3/2020,stay,1396
15/3/2020,social,1610
15/3/2020,schools,980
15/3/2020,school,754
15/3/2020,safe,1132
15/3/2020,read,928
15/3/2020,public,1357
15/3/2020,protect,699
15/3/2020,pandemic,1635
15/3/2020,news,1128
15/3/2020,hope,795
15/3/2020,home,2451
15/3/2020,friends,1364
15/3/2020,family,1132
15/3/2020,care,1193
16/3/2020,weeks,2113
16/3/2020,toilet,951
16/3/2020,support,1813
16/3/2020,stay,2629
16/3/2020,social,2458
16/3/2020,schools,1288
16/3/2020,school,1313
16/3/2020,safe,2259
16/3/2020,read,1161
16/3/2020,public,2055
16/3/2020,protect,1490
16/3/2020,pandemic,2970
16/3/2020,news,1737
16/3/2020,hope,1283
16/3/2020,home,4969
16/3/2020,friends,3234
16/3/2020,family,2297
16/3/2020,care,1991
11/3/2020,weeks,1184
11/3/2020,toilet,871
11/3/2020,support,786
11/3/2020,stay,1188
11/3/2020,social,877
11/3/2020,schools,1465
11/3/2020,school,1011
11/3/2020,safe,1139
11/3/2020,read,1150
11/3/2020,public,1963
11/3/2020,protect,1113
11/3/2020,panic,1032
11/3/2020,pandemic,2268
11/3/2020,news,1344
11/3/2020,hope,880
11/3/2020,home,2365
11/3/2020,friends,464
11/3/2020,family,621
11/3/2020,care,1541
12/3/2020,weeks,1428
12/3/2020,toilet,913
12/3/2020,support,747
12/3/2020,stay,1439
12/3/2020,social,1044
12/3/2020,schools,1389
12/3/2020,school,1074
12/3/2020,safe,1480
12/3/2020,read,1086
12/3/2020,public,1840
12/3/2020,protect,1104
12/3/2020,panic,1006
12/3/2020,pandemic,2467
12/3/2020,news,1596
12/3/2020,hope,1014
12/3/2020,home,2467
12/3/2020,friends,479
12/3/2020,family,647
12/3/2020,care,1601
13/3/2020,weeks,1640
13/3/2020,toilet,1491
13/3/2020,support,1194
13/3/2020,stay,1699
13/3/2020,social,1157
13/3/2020,schools,1789
13/3/2020,school,1508
13/3/2020,safe,1924
13/3/2020,read,1115
13/3/2020,public,2140
13/3/2020,protect,1228
13/3/2020,panic,1242
13/3/2020,pandemic,2617
13/3/2020,news,1842
13/3/2020,hope,1243
13/3/2020,home,3142
13/3/2020,friends,572
13/3/2020,family,884
13/3/2020,care,1736
14/3/2020,weeks,930
14/3/2020,toilet,1108
14/3/2020,support,821
14/3/2020,stay,1021
14/3/2020,social,909
14/3/2020,schools,743
14/3/2020,school,667
14/3/2020,safe,1262
14/3/2020,read,931
14/3/2020,public,1208
14/3/2020,protect,789
14/3/2020,panic,743
14/3/2020,pandemic,1585
14/3/2020,news,926
14/3/2020,hope,842
14/3/2020,home,1840
14/3/2020,friends,435
14/3/2020,family,667
14/3/2020,care,1109
15/3/2020,weeks,1364
15/3/2020,toilet,1052
15/3/2020,support,899
15/3/2020,stay,1638
15/3/2020,social,2068
15/3/2020,schools,1118
15/3/2020,school,748
15/3/2020,safe,1527
15/3/2020,read,1066
15/3/2020,public,1694
15/3/2020,protect,870
15/3/2020,panic,1040
15/3/2020,pandemic,2029
15/3/2020,news,1220
15/3/2020,hope,1008
15/3/2020,home,2884
15/3/2020,friends,1239
15/3/2020,family,1152
15/3/2020,care,1376
16/3/2020,weeks,1644
16/3/2020,toilet,878
16/3/2020,support,1486
16/3/2020,stay,2296
16/3/2020,social,1998
16/3/2020,schools,1213
16/3/2020,school,1198
16/3/2020,safe,2032
16/3/2020,read,980
16/3/2020,public,1854
16/3/2020,protect,1272
16/3/2020,panic,1050
16/3/2020,pandemic,2571
16/3/2020,news,1552
16/3/2020,hope,1092
16/3/2020,home,4151
16/3/2020,friends,3883
16/3/2020,family,2587
16/3/2020,care,1737
11/3/2020,weeks,687
11/3/2020,toilet,545
11/3/2020,stay,801
11/3/2020,social,568
11/3/2020,schools,841
11/3/2020,school,624
11/3/2020,safe,720
11/3/2020,read,644
11/3/2020,public,1192
11/3/2020,protect,687
11/3/2020,panic,690
11/3/2020,pandemic,1543
11/3/2020,news,838
11/3/2020,hope,591
11/3/2020,home,1410
11/3/2020,friends,278
11/3/2020,family,356
11/3/2020,care,855
12/3/2020,weeks,1647
12/3/2020,toilet,916
12/3/2020,stay,1567
12/3/2020,social,1114
12/3/2020,schools,1708
12/3/2020,school,1097
12/3/2020,safe,1437
12/3/2020,read,1207
12/3/2020,public,2066
12/3/2020,protect,1071
12/3/2020,panic,1068
12/3/2020,pandemic,2588
12/3/2020,news,1487
12/3/2020,hope,1097
12/3/2020,home,2733
12/3/2020,friends,537
12/3/2020,family,703
12/3/2020,care,1620
13/3/2020,weeks,927
13/3/2020,toilet,813
13/3/2020,stay,942
13/3/2020,social,678
13/3/2020,schools,1015
13/3/2020,school,810
13/3/2020,safe,1103
13/3/2020,read,617
13/3/2020,public,1265
13/3/2020,protect,746
13/3/2020,panic,645
13/3/2020,pandemic,1568
13/3/2020,news,951
13/3/2020,hope,761
13/3/2020,home,1699
13/3/2020,friends,324
13/3/2020,family,439
13/3/2020,care,911
14/3/2020,weeks,712
14/3/2020,toilet,897
14/3/2020,stay,858
14/3/2020,social,709
14/3/2020,schools,584
14/3/2020,school,563
14/3/2020,safe,977
14/3/2020,read,779
14/3/2020,public,963
14/3/2020,protect,651
14/3/2020,panic,621
14/3/2020,pandemic,1328
14/3/2020,news,769
14/3/2020,hope,637
14/3/2020,home,1524
14/3/2020,friends,333
14/3/2020,family,506
14/3/2020,care,865
15/3/2020,weeks,1033
15/3/2020,toilet,870
15/3/2020,stay,1290
15/3/2020,social,1616
15/3/2020,schools,916
15/3/2020,school,657
15/3/2020,safe,1086
15/3/2020,read,887
15/3/2020,public,1290
15/3/2020,protect,714
15/3/2020,panic,863
15/3/2020,pandemic,1528
15/3/2020,news,960
15/3/2020,hope,800
15/3/2020,home,2240
15/3/2020,friends,976
15/3/2020,family,930
15/3/2020,care,1117
16/3/2020,weeks,878
16/3/2020,toilet,480
16/3/2020,stay,1153
16/3/2020,social,1104
16/3/2020,schools,644
16/3/2020,school,634
16/3/2020,safe,1084
16/3/2020,read,506
16/3/2020,public,1049
16/3/2020,protect,665
16/3/2020,panic,568
16/3/2020,pandemic,1349
16/3/2020,news,869
16/3/2020,hope,575
16/3/2020,home,2080
16/3/2020,friends,2312
16/3/2020,family,1487
16/3/2020,care,944
17/3/2020,weeks,905
17/3/2020,Support,957
17/3/2020,support,1271
17/3/2020,Stay,825
17/3/2020,stay,1562
17/3/2020,stand,882
17/3/2020,social,1352
17/3/2020,Share,790
17/3/2020,safe,1444
17/3/2020,public,1178
17/3/2020,pandemic,1961
17/3/2020,news,1189
17/3/2020,lockdown,490
17/3/2020,lives,650
17/3/2020,hope,880
17/3/2020,home,2953
17/3/2020,friends,1913
17/3/2020,family,1350
17/3/2020,distancing,918
17/3/2020,care,1223
18/3/2020,weeks,699
18/3/2020,Support,410
18/3/2020,support,1316
18/3/2020,Stay,755
18/3/2020,stay,1404
18/3/2020,stand,478
18/3/2020,social,1156
18/3/2020,Share,367
18/3/2020,safe,1222
18/3/2020,public,927
18/3/2020,pandemic,1882
18/3/2020,news,1117
18/3/2020,lockdown,457
18/3/2020,lives,634
18/3/2020,hope,747
18/3/2020,home,2647
18/3/2020,friends,1006
18/3/2020,family,953
18/3/2020,distancing,739
18/3/2020,care,1222
19/3/2020,weeks,805
19/3/2020,Support,422
19/3/2020,support,1500
19/3/2020,Stay,1007
19/3/2020,stay,1560
19/3/2020,stand,491
19/3/2020,social,1337
19/3/2020,Share,350
19/3/2020,safe,1330
19/3/2020,public,1135
19/3/2020,pandemic,2162
19/3/2020,news,1191
19/3/2020,lockdown,531
19/3/2020,lives,643
19/3/2020,hope,940
19/3/2020,home,2897
19/3/2020,friends,1055
19/3/2020,family,996
19/3/2020,distancing,874
19/3/2020,care,1318
20/3/2020,weeks,531
20/3/2020,Support,342
20/3/2020,support,1183
20/3/2020,Stay,746
20/3/2020,stay,1391
20/3/2020,stand,330
20/3/2020,social,1066
20/3/2020,Share,238
20/3/2020,safe,1062
20/3/2020,public,859
20/3/2020,pandemic,1563
20/3/2020,news,769
20/3/2020,lockdown,484
20/3/2020,lives,518
20/3/2020,hope,624
20/3/2020,home,2231
20/3/2020,friends,689
20/3/2020,family,768
20/3/2020,distancing,691
20/3/2020,care,934
21/3/2020,weeks,621
21/3/2020,Support,4000
21/3/2020,support,1158
21/3/2020,Stay,961
21/3/2020,stay,1469
21/3/2020,stand,1137
21/3/2020,social,1058
21/3/2020,Share,1049
21/3/2020,safe,1184
21/3/2020,public,784
21/3/2020,pandemic,1620
21/3/2020,news,828
21/3/2020,lockdown,584
21/3/2020,lives,658
21/3/2020,hope,703
21/3/2020,home,2263
21/3/2020,friends,2378
21/3/2020,family,1714
21/3/2020,distancing,714
21/3/2020,care,1015
22/3/2020,weeks,796
22/3/2020,Support,4376
22/3/2020,support,1131
22/3/2020,Stay,1164
22/3/2020,stay,1964
22/3/2020,stand,4100
22/3/2020,social,1395
22/3/2020,Share,3907
22/3/2020,safe,1395
22/3/2020,public,939
22/3/2020,pandemic,1733
22/3/2020,news,844
22/3/2020,lockdown,1003
22/3/2020,lives,1113
22/3/2020,hope,934
22/3/2020,home,2890
22/3/2020,friends,8141
22/3/2020,family,4661
22/3/2020,distancing,1018
22/3/2020,care,1503
23/3/2020,weeks,1155
23/3/2020,Support,2170
23/3/2020,support,2001
23/3/2020,Stay,1701
23/3/2020,stay,3087
23/3/2020,stand,2141
23/3/2020,social,1929
23/3/2020,Share,1932
23/3/2020,safe,1899
23/3/2020,public,1398
23/3/2020,pandemic,3157
23/3/2020,news,1275
23/3/2020,lockdown,1842
23/3/2020,lives,1342
23/3/2020,hope,1134
23/3/2020,home,4495
23/3/2020,friends,4336
23/3/2020,family,2781
23/3/2020,distancing,1349
23/3/2020,care,1828
24/3/2020,weeks,888
24/3/2020,Support,696
24/3/2020,support,1786
24/3/2020,Stay,1292
24/3/2020,stay,2373
24/3/2020,stand,784
24/3/2020,social,1361
24/3/2020,Share,524
24/3/2020,safe,1535
24/3/2020,public,1069
24/3/2020,pandemic,2579
24/3/2020,news,1035
24/3/2020,lockdown,1724
24/3/2020,lives,1233
24/3/2020,hope,877
24/3/2020,home,3379
24/3/2020,friends,1403
24/3/2020,family,1234
24/3/2020,distancing,902
24/3/2020,care,1526
17/3/2020,Support,752
17/3/2020,support,935
17/3/2020,Stay,632
17/3/2020,stay,1151
17/3/2020,stand,700
17/3/2020,social,995
17/3/2020,Share,638
17/3/2020,safe,1016
17/3/2020,public,892
17/3/2020,pandemic,1400
17/3/2020,news,873
17/3/2020,lockdown,397
17/3/2020,lives,434
17/3/2020,hope,587
17/3/2020,home,1997
17/3/2020,friends,1529
17/3/2020,family,1055
17/3/2020,distancing,633
17/3/2020,care,853
18/3/2020,Support,443
18/3/2020,support,1634
18/3/2020,Stay,897
18/3/2020,stay,1562
18/3/2020,stand,478
18/3/2020,social,1391
18/3/2020,Share,379
18/3/2020,safe,1410
18/3/2020,public,1163
18/3/2020,pandemic,2290
18/3/2020,news,1355
18/3/2020,lockdown,568
18/3/2020,lives,716
18/3/2020,hope,887
18/3/2020,home,3127
18/3/2020,friends,1124
18/3/2020,family,1092
18/3/2020,distancing,884
18/3/2020,care,1339
19/3/2020,Support,258
19/3/2020,support,911
19/3/2020,Stay,600
19/3/2020,stay,973
19/3/2020,stand,287
19/3/2020,social,831
19/3/2020,Share,198
19/3/2020,safe,871
19/3/2020,public,712
19/3/2020,pandemic,1391
19/3/2020,news,658
19/3/2020,lockdown,328
19/3/2020,lives,445
19/3/2020,hope,571
19/3/2020,home,1835
19/3/2020,friends,645
19/3/2020,family,645
19/3/2020,distancing,532
19/3/2020,care,816
20/3/2020,Support,637
20/3/2020,support,2220
20/3/2020,Stay,1426
20/3/2020,stay,2468
20/3/2020,stand,613
20/3/2020,social,1972
20/3/2020,Share,452
20/3/2020,safe,1851
20/3/2020,public,1567
20/3/2020,pandemic,3012
20/3/2020,news,1361
20/3/2020,lockdown,833
20/3/2020,lives,1000
20/3/2020,hope,1185
20/3/2020,home,4031
20/3/2020,friends,1351
20/3/2020,family,1301
20/3/2020,distancing,1257
20/3/2020,care,1797
21/3/2020,Support,4340
21/3/2020,support,879
21/3/2020,Stay,766
21/3/2020,stay,1147
21/3/2020,stand,566
21/3/2020,social,848
21/3/2020,Share,503
21/3/2020,safe,907
21/3/2020,public,578
21/3/2020,pandemic,1240
21/3/2020,news,591
21/3/2020,lockdown,461
21/3/2020,lives,522
21/3/2020,hope,523
21/3/2020,home,1717
21/3/2020,friends,1195
21/3/2020,family,870
21/3/2020,distancing,553
21/3/2020,care,735
22/3/2020,Support,5895
22/3/2020,support,1463
22/3/2020,Stay,1582
22/3/2020,stay,2708
22/3/2020,stand,5629
22/3/2020,social,1911
22/3/2020,Share,5413
22/3/2020,safe,1733
22/3/2020,public,1227
22/3/2020,pandemic,2400
22/3/2020,news,1160
22/3/2020,lockdown,1340
22/3/2020,lives,1544
22/3/2020,hope,1184
22/3/2020,home,3924
22/3/2020,friends,11261
22/3/2020,family,6350
22/3/2020,distancing,1395
22/3/2020,care,1941
23/3/2020,Support,1363
23/3/2020,support,988
23/3/2020,Stay,983
23/3/2020,stay,1727
23/3/2020,stand,1325
23/3/2020,social,1090
23/3/2020,Share,1221
23/3/2020,safe,1070
23/3/2020,public,766
23/3/2020,pandemic,1697
23/3/2020,news,705
23/3/2020,lockdown,938
23/3/2020,lives,665
23/3/2020,hope,579
23/3/2020,home,2545
23/3/2020,friends,2698
23/3/2020,family,1699
23/3/2020,distancing,791
23/3/2020,care,946
24/3/2020,Support,724
24/3/2020,support,2827
24/3/2020,Stay,1722
24/3/2020,stay,3219
24/3/2020,stand,827
24/3/2020,social,1830
24/3/2020,Share,562
24/3/2020,safe,2289
24/3/2020,public,1552
24/3/2020,pandemic,3531
24/3/2020,news,1606
24/3/2020,lockdown,1955
24/3/2020,lives,1669
24/3/2020,hope,1182
24/3/2020,home,4820
24/3/2020,friends,1574
24/3/2020,family,1558
24/3/2020,distancing,1262
24/3/2020,care,2461
17/3/2020,Support,1146
17/3/2020,support,1492
17/3/2020,Stay,976
17/3/2020,stay,1768
17/3/2020,stand,1075
17/3/2020,social,1541
17/3/2020,Share,943
17/3/2020,safe,1643
17/3/2020,public,1331
17/3/2020,protect,869
17/3/2020,pandemic,2276
17/3/2020,news,1252
17/3/2020,lockdown,572
17/3/2020,lives,794
17/3/2020,hope,999
17/3/2020,home,3294
17/3/2020,friends,2285
17/3/2020,family,1639
17/3/2020,distancing,976
17/3/2020,care,1437
18/3/2020,Support,516
18/3/2020,support,1556
18/3/2020,Stay,851
18/3/2020,stay,1648
18/3/2020,stand,554
18/3/2020,social,1392
18/3/2020,Share,452
18/3/2020,safe,1421
18/3/2020,public,1141
18/3/2020,protect,776
18/3/2020,pandemic,2313
18/3/2020,news,1256
18/3/2020,lockdown,498
18/3/2020,lives,773
18/3/2020,hope,877
18/3/2020,home,3106
18/3/2020,friends,1260
18/3/2020,family,1148
18/3/2020,distancing,867
18/3/2020,care,1467
19/3/2020,Support,382
19/3/2020,support,1369
19/3/2020,Stay,970
19/3/2020,stay,1624
19/3/2020,stand,458
19/3/2020,social,1338
19/3/2020,Share,305
19/3/2020,safe,1358
19/3/2020,public,1088
19/3/2020,protect,732
19/3/2020,pandemic,2108
19/3/2020,news,1217
19/3/2020,lockdown,493
19/3/2020,lives,725
19/3/2020,hope,893
19/3/2020,home,2975
19/3/2020,friends,931
19/3/2020,family,935
19/3/2020,distancing,889
19/3/2020,care,1320
20/3/2020,Support,494
20/3/2020,support,1509
20/3/2020,Stay,961
20/3/2020,stay,1782
20/3/2020,stand,462
20/3/2020,social,1321
20/3/2020,Share,347
20/3/2020,safe,1326
20/3/2020,public,1104
20/3/2020,protect,664
20/3/2020,pandemic,2172
20/3/2020,news,967
20/3/2020,lockdown,587
20/3/2020,lives,756
20/3/2020,hope,822
20/3/2020,home,2955
20/3/2020,friends,1048
20/3/2020,family,1065
20/3/2020,distancing,863
20/3/2020,care,1312
21/3/2020,Support,4134
21/3/2020,support,1190
21/3/2020,Stay,1039
21/3/2020,stay,1552
21/3/2020,stand,1436
21/3/2020,social,1147
21/3/2020,Share,1346
21/3/2020,safe,1209
21/3/2020,public,828
21/3/2020,protect,642
21/3/2020,pandemic,1695
21/3/2020,news,848
21/3/2020,lockdown,605
21/3/2020,lives,709
21/3/2020,hope,726
21/3/2020,home,2353
21/3/2020,friends,2936
21/3/2020,family,1856
21/3/2020,distancing,798
21/3/2020,care,1077
22/3/2020,Support,2971
22/3/2020,support,763
22/3/2020,Stay,871
22/3/2020,stay,1473
22/3/2020,stand,2685
22/3/2020,social,959
22/3/2020,Share,2575
22/3/2020,safe,948
22/3/2020,public,644
22/3/2020,protect,567
22/3/2020,pandemic,1260
22/3/2020,news,644
22/3/2020,lockdown,657
22/3/2020,lives,839
22/3/2020,hope,668
22/3/2020,home,2189
22/3/2020,friends,5397
22/3/2020,family,3074
22/3/2020,distancing,734
22/3/2020,care,1150
23/3/2020,Support,1954
23/3/2020,support,1833
23/3/2020,Stay,1496
23/3/2020,stay,2679
23/3/2020,stand,1947
23/3/2020,social,1740
23/3/2020,Share,1780
23/3/2020,safe,1686
23/3/2020,public,1372
23/3/2020,protect,1169
23/3/2020,pandemic,2853
23/3/2020,news,1159
23/3/2020,lockdown,1568
23/3/2020,lives,1188
23/3/2020,hope,1086
23/3/2020,home,4104
23/3/2020,friends,3971
23/3/2020,family,2542
23/3/2020,distancing,1196
23/3/2020,care,1822
24/3/2020,Support,515
24/3/2020,support,1438
24/3/2020,Stay,1089
24/3/2020,stay,1831
24/3/2020,stand,586
24/3/2020,social,1045
24/3/2020,Share,423
24/3/2020,safe,1251
24/3/2020,public,855
24/3/2020,protect,793
24/3/2020,pandemic,2050
24/3/2020,news,939
24/3/2020,lockdown,1492
24/3/2020,lives,1020
24/3/2020,hope,730
24/3/2020,home,2881
24/3/2020,friends,1090
24/3/2020,family,988
24/3/2020,distancing,703
24/3/2020,care,1286
17/3/2020,Support,717
17/3/2020,support,1148
17/3/2020,Stay,660
17/3/2020,stay,1160
17/3/2020,stand,698
17/3/2020,staff,691
17/3/2020,social,1137
17/3/2020,Share,609
17/3/2020,safe,1068
17/3/2020,public,950
17/3/2020,protect,681
17/3/2020,pandemic,1617
17/3/2020,news,932
17/3/2020,lives,512
17/3/2020,hope,626
17/3/2020,home,2320
17/3/2020,friends,1491
17/3/2020,family,1082
17/3/2020,distancing,704
17/3/2020,care,1002
18/3/2020,Support,312
18/3/2020,support,1011
18/3/2020,Stay,639
18/3/2020,stay,1021
18/3/2020,stand,353
18/3/2020,staff,602
18/3/2020,social,927
18/3/2020,Share,290
18/3/2020,safe,993
18/3/2020,public,771
18/3/2020,protect,494
18/3/2020,pandemic,1624
18/3/2020,news,878
18/3/2020,lives,456
18/3/2020,hope,594
18/3/2020,home,2097
18/3/2020,friends,812
18/3/2020,family,770
18/3/2020,distancing,617
18/3/2020,care,905
19/3/2020,Support,307
19/3/2020,support,1297
19/3/2020,Stay,942
19/3/2020,stay,1497
19/3/2020,stand,384
19/3/2020,staff,747
19/3/2020,social,1238
19/3/2020,Share,272
19/3/2020,safe,1302
19/3/2020,public,984
19/3/2020,protect,675
19/3/2020,pandemic,2024
19/3/2020,news,1068
19/3/2020,lives,662
19/3/2020,hope,834
19/3/2020,home,2726
19/3/2020,friends,847
19/3/2020,family,851
19/3/2020,distancing,806
19/3/2020,care,1173
20/3/2020,Support,331
20/3/2020,support,1160
20/3/2020,Stay,665
20/3/2020,stay,1275
20/3/2020,stand,309
20/3/2020,staff,612
20/3/2020,social,1018
20/3/2020,Share,216
20/3/2020,safe,954
20/3/2020,public,791
20/3/2020,protect,513
20/3/2020,pandemic,1593
20/3/2020,news,798
20/3/2020,lives,536
20/3/2020,hope,577
20/3/2020,home,2062
20/3/2020,friends,663
20/3/2020,family,657
20/3/2020,distancing,666
20/3/2020,care,964
21/3/2020,Support,2967
21/3/2020,support,1130
21/3/2020,Stay,965
21/3/2020,stay,1390
21/3/2020,stand,1090
21/3/2020,staff,619
21/3/2020,social,1133
21/3/2020,Share,1018
21/3/2020,safe,1119
21/3/2020,public,734
21/3/2020,protect,706
21/3/2020,pandemic,1707
21/3/2020,news,854
21/3/2020,lives,679
21/3/2020,hope,653
21/3/2020,home,2237
21/3/2020,friends,2291
21/3/2020,family,1490
21/3/2020,distancing,806
21/3/2020,care,1049
22/3/2020,Support,2007
22/3/2020,support,533
22/3/2020,Stay,623
22/3/2020,stay,947
22/3/2020,stand,1841
22/3/2020,staff,350
22/3/2020,social,676
22/3/2020,Share,1774
22/3/2020,safe,676
22/3/2020,public,446
22/3/2020,protect,370
22/3/2020,pandemic,787
22/3/2020,news,387
22/3/2020,lives,484
22/3/2020,hope,363
22/3/2020,home,1440
22/3/2020,friends,3663
22/3/2020,family,2124
22/3/2020,distancing,475
22/3/2020,care,603
23/3/2020,Support,967
23/3/2020,support,821
23/3/2020,Stay,723
23/3/2020,stay,1311
23/3/2020,stand,959
23/3/2020,staff,591
23/3/2020,social,884
23/3/2020,Share,880
23/3/2020,safe,873
23/3/2020,public,572
23/3/2020,protect,565
23/3/2020,pandemic,1326
23/3/2020,news,591
23/3/2020,lives,581
23/3/2020,hope,460
23/3/2020,home,1878
23/3/2020,friends,1922
23/3/2020,family,1251
23/3/2020,distancing,621
23/3/2020,care,860
24/3/2020,Support,378
24/3/2020,support,906
24/3/2020,Stay,726
24/3/2020,stay,1266
24/3/2020,stand,429
24/3/2020,staff,352
24/3/2020,social,664
24/3/2020,Share,298
24/3/2020,safe,786
24/3/2020,public,547
24/3/2020,protect,413
24/3/2020,pandemic,1323
24/3/2020,news,614
24/3/2020,lives,680
24/3/2020,hope,460
24/3/2020,home,1840
24/3/2020,friends,789
24/3/2020,family,680
24/3/2020,distancing,502
24/3/2020,care,798
25/3/2020,#CoronavirusLockdown,5696
25/3/2020,#StayHome,4637
25/3/2020,care,4247
25/3/2020,family,2928
25/3/2020,feel,4735
25/3/2020,home,9826
25/3/2020,life,2803
25/3/2020,lives,3168
25/3/2020,lockdown,3589
25/3/2020,news,3549
25/3/2020,pandemic,7610
25/3/2020,public,3344
25/3/2020,safe,4339
25/3/2020,social,4524
25/3/2020,staff,2624
25/3/2020,Stay,3505
25/3/2020,stay,5990
25/3/2020,support,5179
26/3/2020,#CoronavirusLockdown,2318
26/3/2020,#StayHome,3366
26/3/2020,care,4116
26/3/2020,family,2180
26/3/2020,feel,2254
26/3/2020,home,6795
26/3/2020,life,2185
26/3/2020,lives,2593
26/3/2020,lockdown,2777
26/3/2020,news,2833
26/3/2020,pandemic,6800
26/3/2020,public,2355
26/3/2020,safe,3317
26/3/2020,social,3540
26/3/2020,staff,2697
26/3/2020,Stay,2441
26/3/2020,stay,4184
26/3/2020,support,4462
27/3/2020,#CoronaLockdown,6048
27/3/2020,care,5542
27/3/2020,family,3532
27/3/2020,home,10534
27/3/2020,hope,3534
27/3/2020,lives,3665
27/3/2020,lockdown,3724
27/3/2020,news,4688
27/3/2020,pandemic,11696
27/3/2020,public,3864
27/3/2020,safe,5147
27/3/2020,social,4561
27/3/2020,staff,3567
27/3/2020,Stay,3966
27/3/2020,stay,6423
27/3/2020,support,6255
27/3/2020,week,3623
28/3/2020,#StayAtHomeAndStaySafe,2405
28/3/2020,care,2763
28/3/2020,family,1685
28/3/2020,home,4892
28/3/2020,lives,1668
28/3/2020,lockdown,1886
28/3/2020,news,2149
28/3/2020,pandemic,4602
28/3/2020,public,1622
28/3/2020,safe,2246
28/3/2020,social,2120
28/3/2020,stay,3137
28/3/2020,Stay,1949
28/3/2020,support,2275
28/3/2020,Support,711
28/3/2020,week,1499
29/3/2020,#StayAtHomeAndStaySafe,2185
29/3/2020,care,2072
29/3/2020,family,1365
29/3/2020,home,3691
29/3/2020,lives,1575
29/3/2020,lockdown,1717
29/3/2020,news,1838
29/3/2020,pandemic,3637
29/3/2020,public,1277
29/3/2020,safe,1575
29/3/2020,social,1672
29/3/2020,stay,2281
29/3/2020,Stay,1365
29/3/2020,support,1663
29/3/2020,Support,2928
29/3/2020,week,1229
30/3/2020,#StayAtHomeAndStaySafe,826
30/3/2020,care,2720
30/3/2020,family,1590
30/3/2020,home,5195
30/3/2020,lives,1911
30/3/2020,lockdown,2213
30/3/2020,news,2416
30/3/2020,pandemic,5309
30/3/2020,public,1752
30/3/2020,safe,2328
30/3/2020,social,2238
30/3/2020,stay,3214
30/3/2020,Stay,1797
30/3/2020,support,2918
30/3/2020,Support,6527
30/3/2020,week,1913
31/3/2020,#StayAtHomeAndStaySafe,317
31/3/2020,care,1845
31/3/2020,family,1374
31/3/2020,home,3829
31/3/2020,lives,1287
31/3/2020,lockdown,1621
31/3/2020,news,1588
31/3/2020,pandemic,4068
31/3/2020,public,1482
31/3/2020,safe,1607
31/3/2020,social,1475
31/3/2020,stay,2274
31/3/2020,Stay,1308
31/3/2020,support,2455
31/3/2020,Support,939
31/3/2020,week,1076
1/4/2020,care,5864
1/4/2020,community,3482
1/4/2020,free,3612
1/4/2020,home,10932
1/4/2020,Hope,3788
1/4/2020,life,3575
1/4/2020,live,3852
1/4/2020,lives,3912
1/4/2020,LockDown,4412
1/4/2020,LOVE,3814
1/4/2020,news,6750
1/4/2020,pandemic,13006
1/4/2020,public,4497
1/4/2020,read,4371
1/4/2020,safe,6564
1/4/2020,Social,5146
1/4/2020,staff,3303
1/4/2020,stay,9398
1/4/2020,Support,7005
2/4/2020,care,6168
2/4/2020,community,3898
2/4/2020,free,3897
2/4/2020,home,9756
2/4/2020,hope,3774
2/4/2020,life,3371
2/4/2020,live,4176
2/4/2020,lives,4409
2/4/2020,lockdown,4406
2/4/2020,love,3165
2/4/2020,News,7311
2/4/2020,pandemic,13811
2/4/2020,Public,4606
2/4/2020,read,4383
2/4/2020,safe,5849
2/4/2020,social,4903
2/4/2020,staff,3648
2/4/2020,Stay,8240
2/4/2020,support,7752
3/4/2020,care,7735
3/4/2020,community,3624
3/4/2020,free,3857
3/4/2020,home,10694
3/4/2020,hope,3759
3/4/2020,life,3408
3/4/2020,live,3806
3/4/2020,lives,4295
3/4/2020,lockdown,4461
3/4/2020,love,3321
3/4/2020,news,6231
3/4/2020,pandemic,13693
3/4/2020,Public,4883
3/4/2020,read,4512
3/4/2020,safe,6633
3/4/2020,social,4862
3/4/2020,staff,3423
3/4/2020,stay,10553
3/4/2020,support,7788
4/4/2020,support,4675
4/4/2020,stay,9221
4/4/2020,social,4006
4/4/2020,SAFE,4933
4/4/2020,read,3228
4/4/2020,public,4334
4/4/2020,pandemic,9428
4/4/2020,News,5455
4/4/2020,Love,2941
4/4/2020,Lockdown,3979
4/4/2020,lives,4247
4/4/2020,Live,3057
4/4/2020,life,3195
4/4/2020,hope,3446
4/4/2020,home,9049
4/4/2020,God,2570
4/4/2020,free,2880
4/4/2020,family,3394
4/4/2020,died,2945
4/4/2020,care,5785
4/4/2020,#STAYHOME,3209
4/4/2020,#SocialDistancing,3503
4/4/2020,#lockdown,3020
5/4/2020,support,6851
5/4/2020,stay,8116
5/4/2020,social,4077
5/4/2020,safe,6206
5/4/2020,read,3165
5/4/2020,public,3493
5/4/2020,pandemic,8105
5/4/2020,NEWS,4944
5/4/2020,Love,2755
5/4/2020,lockdown,4368
5/4/2020,lives,3378
5/4/2020,live,2875
5/4/2020,life,3083
5/4/2020,hope,3975
5/4/2020,home,8763
5/4/2020,God,3120
5/4/2020,free,2571
5/4/2020,family,3127
5/4/2020,died,2534
5/4/2020,care,4052
5/4/2020,#StayHome,3572
5/4/2020,#SocialDistancing,2955
5/4/2020,#lockdown,2995
6/4/2020,stay,4094
6/4/2020,social,1787
6/4/2020,safe,2159
6/4/2020,pandemic,3416
6/4/2020,News,4118
6/4/2020,media,1630
6/4/2020,love,1729
6/4/2020,lockdown,3819
6/4/2020,live,1555
6/4/2020,life,2380
6/4/2020,hope,3275
6/4/2020,home,3859
6/4/2020,God,3147
6/4/2020,family,2395
6/4/2020,died,1403
6/4/2020,care,2024
6/4/2020,5G,1945
7/4/2020,STAY,2934
7/4/2020,social,1137
7/4/2020,safe,1468
7/4/2020,pandemic,2405
7/4/2020,news,2442
7/4/2020,Media,1046
7/4/2020,love,1363
7/4/2020,lockdown,2483
7/4/2020,live,1182
7/4/2020,Life,1800
7/4/2020,Hope,1943
7/4/2020,home,3049
7/4/2020,god,1883
7/4/2020,family,1195
7/4/2020,died,1208
7/4/2020,care,1391
7/4/2020,5G,1514
8/4/2020,stay,3122
8/4/2020,social,1690
8/4/2020,SAFE,1551
8/4/2020,read,1492
8/4/2020,pandemic,3500
8/4/2020,News,2983
8/4/2020,media,1467
8/4/2020,love,1582
8/4/2020,lockdown,3126
8/4/2020,live,1540
8/4/2020,life,3241
8/4/2020,hope,2340
8/4/2020,home,3613
8/4/2020,God,2384
8/4/2020,giving,1636
8/4/2020,free,1587
8/4/2020,family,1576
8/4/2020,DIED,1563
8/4/2020,care,1464
8/4/2020,5g,1563
9/4/2020,stay,2346
9/4/2020,SOCIAL,1187
9/4/2020,service,1950
9/4/2020,Safe,1299
9/4/2020,read,1720
9/4/2020,prayers,1742
9/4/2020,Pandemic,2628
9/4/2020,news,2479
9/4/2020,mother,1883
9/4/2020,love,1195
9/4/2020,lockdown,2547
9/4/2020,life,3316
9/4/2020,hope,1628
9/4/2020,home,3184
9/4/2020,god,1682
9/4/2020,giving,2141
9/4/2020,free,1265
9/4/2020,family,1373
9/4/2020,divinity,1599
9/4/2020,died,1225
9/4/2020,care,1226
9/4/2020,Baby,1963
10/4/2020,Stay,3151
10/4/2020,social,1746
10/4/2020,safe,1717
10/4/2020,read,1447
10/4/2020,police,1113
10/4/2020,pandemic,3478
10/4/2020,news,2784
10/4/2020,MEDIA,1401
10/4/2020,love,1626
10/4/2020,lockdown,3595
10/4/2020,live,1511
10/4/2020,life,2772
10/4/2020,hope,2255
10/4/2020,home,3796
10/4/2020,God,2284
10/4/2020,free,1518
10/4/2020,food,1345
10/4/2020,family,1502
10/4/2020,Easter,1043
10/4/2020,died,1542
10/4/2020,care,1430
11/4/2020,Stay,2764
11/4/2020,social,1374
11/4/2020,safe,1522
11/4/2020,read,1358
11/4/2020,Police,1058
11/4/2020,pandemic,2886
11/4/2020,News,2440
11/4/2020,media,1407
11/4/2020,love,1296
11/4/2020,lockdown,3960
11/4/2020,Live,1223
11/4/2020,life,2032
11/4/2020,hope,1875
11/4/2020,home,3090
11/4/2020,God,2196
11/4/2020,free,1113
11/4/2020,food,1439
11/4/2020,family,1377
11/4/2020,Easter,1161
11/4/2020,died,1333
11/4/2020,care,1455
12/4/2020,stay,2841
12/4/2020,social,1211
12/4/2020,safe,1493
12/4/2020,Read,1282
12/4/2020,police,1577
12/4/2020,Pandemic,2737
12/4/2020,news,2218
12/4/2020,Media,1035
12/4/2020,love,1308
12/4/2020,lockdown,3101
12/4/2020,live,1168
12/4/2020,life,1904
12/4/2020,hope,2210
12/4/2020,home,3570
12/4/2020,God,2527
12/4/2020,FREE,1068
12/4/2020,food,1271
12/4/2020,family,1412
12/4/2020,easter,3440
12/4/2020,died,1223
12/4/2020,care,1167
13/4/2020,STAY,1374
13/4/2020,social,652
13/4/2020,safe,725
13/4/2020,read,433
13/4/2020,Police,871
13/4/2020,Pandemic,1369
13/4/2020,News,1300
13/4/2020,media,623
13/4/2020,Love,621
13/4/2020,lockdown,2131
13/4/2020,live,620
13/4/2020,life,953
13/4/2020,Hope,1045
13/4/2020,Home,1990
13/4/2020,God,1534
13/4/2020,free,1149
13/4/2020,food,1123
13/4/2020,family,999
13/4/2020,Easter,316
13/4/2020,DIED,588
13/4/2020,care,835
14/4/2020,Stay,2672
14/4/2020,social,1437
14/4/2020,safe,1480
14/4/2020,read,928
14/4/2020,police,1368
14/4/2020,Pandemic,2926
14/4/2020,News,2434
14/4/2020,media,1185
14/4/2020,love,1269
14/4/2020,Lockdown,4233
14/4/2020,live,1315
14/4/2020,life,2010
14/4/2020,hope,2170
14/4/2020,home,3771
14/4/2020,God,2576
14/4/2020,free,1501
14/4/2020,food,1553
14/4/2020,family,1365
14/4/2020,easter,163
14/4/2020,died,1187
14/4/2020,care,1387
15/4/2020,support,1465
15/4/2020,stay,646
15/4/2020,social,738
15/4/2020,safe,512
15/4/2020,public,942
15/4/2020,pandemic.,902
15/4/2020,pandemic,1991
15/4/2020,news,685
15/4/2020,lockdown,1216
15/4/2020,lives,483
15/4/2020,home,1022
15/4/2020,free,507
15/4/2020,food,464
15/4/2020,data,505
15/4/2020,care,1274
16/4/2020,support,1709
16/4/2020,stay,906
16/4/2020,social,932
16/4/2020,safe,716
16/4/2020,public,1428
16/4/2020,pandemic.,968
16/4/2020,pandemic,2233
16/4/2020,news,827
16/4/2020,lockdown,2166
16/4/2020,lives,537
16/4/2020,home,1451
16/4/2020,free,579
16/4/2020,food,708
16/4/2020,data,577
16/4/2020,care,1299
17/4/2020,support,1365
17/4/2020,stay,656
17/4/2020,social,671
17/4/2020,safe,561
17/4/2020,public,706
17/4/2020,pandemic.,775
17/4/2020,pandemic,1836
17/4/2020,news,611
17/4/2020,lockdown,1105
17/4/2020,lives,457
17/4/2020,home,1030
17/4/2020,free,449
17/4/2020,food,532
17/4/2020,data,533
17/4/2020,care,936
18/4/2020,support,1395
18/4/2020,stay,672
18/4/2020,social,694
18/4/2020,safe,527
18/4/2020,public,596
18/4/2020,pandemic.,631
18/4/2020,pandemic,1566
18/4/2020,news,569
18/4/2020,lockdown,1196
18/4/2020,lives,509
18/4/2020,home,973
18/4/2020,free,369
18/4/2020,food,418
18/4/2020,data,375
18/4/2020,care,864
19/4/2020,support,1121
19/4/2020,stay,670
19/4/2020,social,637
19/4/2020,safe,504
19/4/2020,public,552
19/4/2020,pandemic.,671
19/4/2020,pandemic,1627
19/4/2020,news,571
19/4/2020,lockdown,1575
19/4/2020,lives,598
19/4/2020,home,1019
19/4/2020,free,397
19/4/2020,food,443
19/4/2020,data,417
19/4/2020,care,772
20/4/2020,support,1484
20/4/2020,stay,893
20/4/2020,social,789
20/4/2020,safe,695
20/4/2020,public,663
20/4/2020,pandemic.,954
20/4/2020,pandemic,2217
20/4/2020,news,770
20/4/2020,lockdown,1855
20/4/2020,lives,606
20/4/2020,home,1242
20/4/2020,free,631
20/4/2020,food,640
20/4/2020,data,630
20/4/2020,care,1140
21/4/2020,support,1314
21/4/2020,stay,707
21/4/2020,social,664
21/4/2020,safe,548
21/4/2020,public,668
21/4/2020,pandemic.,837
21/4/2020,pandemic,2123
21/4/2020,news,715
21/4/2020,lockdown,1438
21/4/2020,lives,525
21/4/2020,home,1155
21/4/2020,free,569
21/4/2020,food,573
21/4/2020,data,547
21/4/2020,care,917
15/4/2020,support,1772
15/4/2020,stay,848
15/4/2020,social,875
15/4/2020,safe,628
15/4/2020,public,1018
15/4/2020,pandemic.,1096
15/4/2020,pandemic,2531
15/4/2020,news,765
15/4/2020,lockdown,1589
15/4/2020,lives,598
15/4/2020,home,1423
15/4/2020,food,593
15/4/2020,data,632
15/4/2020,care,1465
16/4/2020,support,1439
16/4/2020,stay,782
16/4/2020,social,750
16/4/2020,safe,548
16/4/2020,public,1187
16/4/2020,pandemic.,834
16/4/2020,pandemic,2132
16/4/2020,news,643
16/4/2020,lockdown,1657
16/4/2020,lives,564
16/4/2020,home,1233
16/4/2020,food,583
16/4/2020,data,539
16/4/2020,care,1113
17/4/2020,support,1310
17/4/2020,stay,661
17/4/2020,social,678
17/4/2020,safe,509
17/4/2020,public,752
17/4/2020,pandemic.,715
17/4/2020,pandemic,1888
17/4/2020,news,647
17/4/2020,lockdown,1248
17/4/2020,lives,412
17/4/2020,home,1078
17/4/2020,food,515
17/4/2020,data,538
17/4/2020,care,886
18/4/2020,support,1210
18/4/2020,stay,633
18/4/2020,social,564
18/4/2020,safe,486
18/4/2020,public,588
18/4/2020,pandemic.,554
18/4/2020,pandemic,1516
18/4/2020,news,532
18/4/2020,lockdown,1069
18/4/2020,lives,454
18/4/2020,home,939
18/4/2020,food,416
18/4/2020,data,367
18/4/2020,care,752
19/4/2020,support,819
19/4/2020,stay,477
19/4/2020,social,437
19/4/2020,safe,355
19/4/2020,public,365
19/4/2020,pandemic.,467
19/4/2020,pandemic,1163
19/4/2020,news,388
19/4/2020,lockdown,1050
19/4/2020,lives,482
19/4/2020,home,713
19/4/2020,food,281
19/4/2020,data,224
19/4/2020,care,536
20/4/2020,support,1114
20/4/2020,stay,709
20/4/2020,social,653
20/4/2020,safe,485
20/4/2020,public,579
20/4/2020,pandemic.,755
20/4/2020,pandemic,1696
20/4/2020,news,585
20/4/2020,lockdown,1419
20/4/2020,lives,502
20/4/2020,home,1093
20/4/2020,food,454
20/4/2020,data,455
20/4/2020,care,930
21/4/2020,support,1009
21/4/2020,stay,559
21/4/2020,social,529
21/4/2020,safe,418
21/4/2020,public,572
21/4/2020,pandemic.,627
21/4/2020,pandemic,1565
21/4/2020,news,528
21/4/2020,lockdown,1054
21/4/2020,lives,408
21/4/2020,home,881
21/4/2020,food,446
21/4/2020,data,401
21/4/2020,care,779
15/4/2020,support,1639
15/4/2020,stay,802
15/4/2020,social,917
15/4/2020,safe,620
15/4/2020,public,1262
15/4/2020,pandemic.,1087
15/4/2020,pandemic,2412
15/4/2020,news,763
15/4/2020,lockdown,1549
15/4/2020,lives,581
15/4/2020,home,1312
15/4/2020,food,557
15/4/2020,care,1437
16/4/2020,support,2020
16/4/2020,stay,1205
16/4/2020,social,1091
16/4/2020,safe,844
16/4/2020,public,1732
16/4/2020,pandemic.,1201
16/4/2020,pandemic,2827
16/4/2020,news,961
16/4/2020,lockdown,2573
16/4/2020,lives,668
16/4/2020,home,1818
16/4/2020,food,866
16/4/2020,care,1609
17/4/2020,support,1423
17/4/2020,stay,707
17/4/2020,social,713
17/4/2020,safe,582
17/4/2020,public,821
17/4/2020,pandemic.,852
17/4/2020,pandemic,1993
17/4/2020,news,685
17/4/2020,lockdown,1171
17/4/2020,lives,492
17/4/2020,home,1065
17/4/2020,food,538
17/4/2020,care,1065
18/4/2020,support,1014
18/4/2020,stay,555
18/4/2020,social,496
18/4/2020,safe,397
18/4/2020,public,424
18/4/2020,pandemic.,477
18/4/2020,pandemic,1194
18/4/2020,news,377
18/4/2020,lockdown,866
18/4/2020,lives,330
18/4/2020,home,730
18/4/2020,food,362
18/4/2020,care,599
19/4/2020,support,1469
19/4/2020,stay,771
19/4/2020,social,660
19/4/2020,safe,557
19/4/2020,public,625
19/4/2020,pandemic.,796
19/4/2020,pandemic,1990
19/4/2020,news,636
19/4/2020,lockdown,1850
19/4/2020,lives,777
19/4/2020,home,1200
19/4/2020,food,507
19/4/2020,care,886
20/4/2020,support,1594
20/4/2020,stay,927
20/4/2020,social,843
20/4/2020,safe,649
20/4/2020,public,718
20/4/2020,pandemic.,999
20/4/2020,pandemic,2145
20/4/2020,news,757
20/4/2020,lockdown,1755
20/4/2020,lives,591
20/4/2020,home,1410
20/4/2020,food,651
20/4/2020,care,1287
21/4/2020,support,737
21/4/2020,stay,461
21/4/2020,social,389
21/4/2020,safe,312
21/4/2020,public,414
21/4/2020,pandemic.,483
21/4/2020,pandemic,1114
21/4/2020,news,432
21/4/2020,lockdown,755
21/4/2020,lives,287
21/4/2020,home,695
21/4/2020,food,303
21/4/2020,care,606
15/4/2020,support,2937
15/4/2020,stay,1278
15/4/2020,social,1061
15/4/2020,safe,876
15/4/2020,Read,1004
15/4/2020,public,1767
15/4/2020,pandemic,3187
15/4/2020,news,1290
15/4/2020,lockdown,1182
15/4/2020,lives,740
15/4/2020,Live,834
15/4/2020,life,731
15/4/2020,hope,648
15/4/2020,home,1740
15/4/2020,free,811
15/4/2020,food,738
15/4/2020,data,713
15/4/2020,community,752
15/4/2020,care,1747
15/4/2020,#stayhome,627
15/4/2020,#lockdown,807
16/4/2020,support,1128
16/4/2020,stay,609
16/4/2020,social,525
16/4/2020,safe,407
16/4/2020,read,549
16/4/2020,public,774
16/4/2020,pandemic,1517
16/4/2020,news,587
16/4/2020,lockdown,754
16/4/2020,lives,359
16/4/2020,LIVE,421
16/4/2020,Life,408
16/4/2020,Hope,342
16/4/2020,home,880
16/4/2020,free,472
16/4/2020,FOOD,414
16/4/2020,data,359
16/4/2020,Community,388
16/4/2020,care,820
16/4/2020,#StayHome,275
16/4/2020,#lockdown,394
17/4/2020,support,1364
17/4/2020,stay,1172
17/4/2020,social,839
17/4/2020,safe,702
17/4/2020,read,906
17/4/2020,public,914
17/4/2020,pandemic,2235
17/4/2020,news,1050
17/4/2020,lockdown,1222
17/4/2020,lives,675
17/4/2020,live,640
17/4/2020,life,598
17/4/2020,hope,546
17/4/2020,home,1525
17/4/2020,free,652
17/4/2020,food,529
17/4/2020,Data,560
17/4/2020,community,585
17/4/2020,Care,1086
17/4/2020,#StayHome,574
17/4/2020,#lockdown,736
18/4/2020,support,863
18/4/2020,stay,687
18/4/2020,social,472
18/4/2020,safe,361
18/4/2020,read,395
18/4/2020,Public,435
18/4/2020,pandemic,1176
18/4/2020,News,568
18/4/2020,Lockdown,585
18/4/2020,lives,361
18/4/2020,Live,360
18/4/2020,Life,361
18/4/2020,hope,372
18/4/2020,home,808
18/4/2020,free,262
18/4/2020,food,291
18/4/2020,Data,332
18/4/2020,community,220
18/4/2020,care,562
18/4/2020,#StayHome,339
18/4/2020,#lockdown,424
19/4/2020,support,517
19/4/2020,Stay,525
19/4/2020,social,357
19/4/2020,safe,299
19/4/2020,read,397
19/4/2020,Public,315
19/4/2020,pandemic,849
19/4/2020,news,410
19/4/2020,lockdown,468
19/4/2020,lives,356
19/4/2020,live,294
19/4/2020,life,305
19/4/2020,hope,267
19/4/2020,home,627
19/4/2020,free,200
19/4/2020,food,247
19/4/2020,data,197
19/4/2020,community,224
19/4/2020,care,419
19/4/2020,#StayHome,447
19/4/2020,#Lockdown,436
20/4/2020,support,914
20/4/2020,Stay,840
20/4/2020,social,542
20/4/2020,safe,564
20/4/2020,Read,563
20/4/2020,public,484
20/4/2020,Pandemic,1499
20/4/2020,News,705
20/4/2020,lockdown,809
20/4/2020,lives,512
20/4/2020,live,433
20/4/2020,life,426
20/4/2020,Hope,396
20/4/2020,home,1063
20/4/2020,free,502
20/4/2020,food,319
20/4/2020,Data,374
20/4/2020,community,391
20/4/2020,care,678
20/4/2020,#StayHome,468
20/4/2020,#lockdown,666
21/4/2020,support,1306
21/4/2020,stay,1022
21/4/2020,social,787
21/4/2020,safe,649
21/4/2020,read,873
21/4/2020,public,733
21/4/2020,pandemic,2367
21/4/2020,news,1033
21/4/2020,lockdown,983
21/4/2020,lives,707
21/4/2020,LIVE,702
21/4/2020,life,621
21/4/2020,Hope,563
21/4/2020,home,1479
21/4/2020,FREE,641
21/4/2020,food,581
21/4/2020,data,590
21/4/2020,community,627
21/4/2020,care,1129
21/4/2020,#StayHome,488
21/4/2020,#lockdown,667
22/4/2020,support,1126
22/4/2020,stay,567
22/4/2020,social,556
22/4/2020,safe,501
22/4/2020,public,519
22/4/2020,protect,477
22/4/2020,pandemic.,668
22/4/2020,pandemic,1743
22/4/2020,news,543
22/4/2020,lockdown,930
22/4/2020,lives,404
22/4/2020,home,901
22/4/2020,free,402
22/4/2020,food,457
22/4/2020,died,403
22/4/2020,data,435
22/4/2020,care,929
23/4/2020,support,1940
23/4/2020,stay,918
23/4/2020,social,979
23/4/2020,safe,723
23/4/2020,public,832
23/4/2020,protect,796
23/4/2020,pandemic.,1133
23/4/2020,pandemic,2604
23/4/2020,news,954
23/4/2020,lockdown,1668
23/4/2020,lives,601
23/4/2020,home,1456
23/4/2020,free,665
23/4/2020,food,755
23/4/2020,died,641
23/4/2020,data,703
23/4/2020,care,1262
24/4/2020,support,1390
24/4/2020,stay,659
24/4/2020,social,634
24/4/2020,safe,507
24/4/2020,public,558
24/4/2020,protect,572
24/4/2020,pandemic.,789
24/4/2020,pandemic,1867
24/4/2020,news,691
24/4/2020,lockdown,1130
24/4/2020,lives,406
24/4/2020,home,944
24/4/2020,free,481
24/4/2020,food,512
24/4/2020,died,450
24/4/2020,data,448
24/4/2020,care,827
25/4/2020,support,694
25/4/2020,stay,516
25/4/2020,social,509
25/4/2020,safe,371
25/4/2020,public,470
25/4/2020,protect,409
25/4/2020,pandemic.,533
25/4/2020,pandemic,1252
25/4/2020,news,492
25/4/2020,lockdown,1257
25/4/2020,lives,339
25/4/2020,home,802
25/4/2020,free,343
25/4/2020,food,355
25/4/2020,died,372
25/4/2020,data,372
25/4/2020,care,610
26/4/2020,support,524
26/4/2020,stay,383
26/4/2020,social,409
26/4/2020,safe,286
26/4/2020,public,332
26/4/2020,protect,253
26/4/2020,pandemic.,326
26/4/2020,pandemic,959
26/4/2020,news,392
26/4/2020,lockdown,1030
26/4/2020,lives,241
26/4/2020,home,552
26/4/2020,free,314
26/4/2020,food,267
26/4/2020,died,344
26/4/2020,data,296
26/4/2020,care,389
27/4/2020,support,1126
27/4/2020,stay,581
27/4/2020,social,632
27/4/2020,safe,511
27/4/2020,public,525
27/4/2020,protect,508
27/4/2020,pandemic.,695
27/4/2020,pandemic,1659
27/4/2020,news,576
27/4/2020,lockdown,1427
27/4/2020,lives,480
27/4/2020,home,939
27/4/2020,free,400
27/4/2020,food,362
27/4/2020,died,390
27/4/2020,data,473
27/4/2020,care,739
28/4/2020,support,1819
28/4/2020,stay,793
28/4/2020,social,821
28/4/2020,safe,704
28/4/2020,public,740
28/4/2020,protect,821
28/4/2020,pandemic.,995
28/4/2020,pandemic,2512
28/4/2020,news,744
28/4/2020,lockdown,1620
28/4/2020,lives,957
28/4/2020,home,1362
28/4/2020,free,727
28/4/2020,food,588
28/4/2020,died,822
28/4/2020,data,686
28/4/2020,care,1372
22/4/2020,support,1326
22/4/2020,stay,655
22/4/2020,social,650
22/4/2020,safe,635
22/4/2020,public,572
22/4/2020,protect,535
22/4/2020,pandemic.,812
22/4/2020,pandemic,2026
22/4/2020,news,655
22/4/2020,lockdown,1165
22/4/2020,lives,432
22/4/2020,home,996
22/4/2020,free,463
22/4/2020,food,521
22/4/2020,died,450
22/4/2020,data,509
22/4/2020,care,1019
23/4/2020,support,1525
23/4/2020,stay,757
23/4/2020,social,708
23/4/2020,safe,614
23/4/2020,public,703
23/4/2020,protect,545
23/4/2020,pandemic.,899
23/4/2020,pandemic,2187
23/4/2020,news,783
23/4/2020,lockdown,1288
23/4/2020,lives,497
23/4/2020,home,1204
23/4/2020,free,582
23/4/2020,food,516
23/4/2020,died,514
23/4/2020,data,621
23/4/2020,care,1024
24/4/2020,support,1377
24/4/2020,stay,642
24/4/2020,social,622
24/4/2020,safe,581
24/4/2020,public,620
24/4/2020,protect,565
24/4/2020,pandemic.,770
24/4/2020,pandemic,1872
24/4/2020,news,709
24/4/2020,lockdown,1080
24/4/2020,lives,428
24/4/2020,home,991
24/4/2020,free,528
24/4/2020,food,463
24/4/2020,died,472
24/4/2020,data,481
24/4/2020,care,850
25/4/2020,support,639
25/4/2020,stay,512
25/4/2020,social,453
25/4/2020,safe,354
25/4/2020,public,416
25/4/2020,protect,343
25/4/2020,pandemic.,468
25/4/2020,pandemic,1166
25/4/2020,news,441
25/4/2020,lockdown,1149
25/4/2020,lives,296
25/4/2020,home,709
25/4/2020,free,317
25/4/2020,food,330
25/4/2020,died,422
25/4/2020,data,325
25/4/2020,care,619
26/4/2020,support,386
26/4/2020,stay,261
26/4/2020,social,297
26/4/2020,safe,200
26/4/2020,public,217
26/4/2020,protect,199
26/4/2020,pandemic.,272
26/4/2020,pandemic,806
26/4/2020,news,290
26/4/2020,lockdown,798
26/4/2020,lives,181
26/4/2020,home,432
26/4/2020,free,193
26/4/2020,food,227
26/4/2020,died,240
26/4/2020,data,204
26/4/2020,care,303
27/4/2020,support,1548
27/4/2020,stay,729
27/4/2020,social,841
27/4/2020,safe,590
27/4/2020,public,696
27/4/2020,protect,692
27/4/2020,pandemic.,915
27/4/2020,pandemic,2239
27/4/2020,news,742
27/4/2020,lockdown,1875
27/4/2020,lives,576
27/4/2020,home,1195
27/4/2020,free,603
27/4/2020,food,557
27/4/2020,died,546
27/4/2020,data,590
27/4/2020,care,1033
28/4/2020,support,1714
28/4/2020,stay,852
28/4/2020,social,907
28/4/2020,safe,754
28/4/2020,public,821
28/4/2020,protect,776
28/4/2020,pandemic.,1134
28/4/2020,pandemic,2555
28/4/2020,news,743
28/4/2020,lockdown,1860
28/4/2020,lives,1012
28/4/2020,home,1424
28/4/2020,free,687
28/4/2020,food,632
28/4/2020,died,841
28/4/2020,data,656
28/4/2020,care,1427
22/4/2020,support,1669
22/4/2020,stay,788
22/4/2020,social,796
22/4/2020,safe,724
22/4/2020,public,670
22/4/2020,protect,606
22/4/2020,pandemic.,917
22/4/2020,pandemic,2347
22/4/2020,news,786
22/4/2020,lockdown,1385
22/4/2020,lives,508
22/4/2020,live,659
22/4/2020,home,1227
22/4/2020,free,552
22/4/2020,food,662
22/4/2020,died,493
22/4/2020,data,600
22/4/2020,care,1242
23/4/2020,support,1420
23/4/2020,stay,680
23/4/2020,social,669
23/4/2020,safe,608
23/4/2020,public,597
23/4/2020,protect,518
23/4/2020,pandemic.,794
23/4/2020,pandemic,2075
23/4/2020,news,699
23/4/2020,lockdown,1158
23/4/2020,lives,442
23/4/2020,live,548
23/4/2020,home,1048
23/4/2020,free,554
23/4/2020,food,550
23/4/2020,died,455
23/4/2020,data,543
23/4/2020,care,1026
24/4/2020,support,1438
24/4/2020,stay,739
24/4/2020,social,701
24/4/2020,safe,614
24/4/2020,public,659
24/4/2020,protect,712
24/4/2020,pandemic.,974
24/4/2020,pandemic,2082
24/4/2020,news,743
24/4/2020,lockdown,1084
24/4/2020,lives,420
24/4/2020,live,591
24/4/2020,home,1052
24/4/2020,free,589
24/4/2020,food,513
24/4/2020,died,448
24/4/2020,data,521
24/4/2020,care,1006
25/4/2020,support,565
25/4/2020,stay,392
25/4/2020,social,446
25/4/2020,safe,340
25/4/2020,public,349
25/4/2020,protect,316
25/4/2020,pandemic.,374
25/4/2020,pandemic,1048
25/4/2020,news,458
25/4/2020,lockdown,872
25/4/2020,lives,250
25/4/2020,live,246
25/4/2020,home,601
25/4/2020,free,264
25/4/2020,food,248
25/4/2020,died,358
25/4/2020,data,286
25/4/2020,care,506
26/4/2020,support,505
26/4/2020,stay,364
26/4/2020,social,396
26/4/2020,safe,288
26/4/2020,public,355
26/4/2020,protect,237
26/4/2020,pandemic.,329
26/4/2020,pandemic,970
26/4/2020,news,405
26/4/2020,lockdown,933
26/4/2020,lives,214
26/4/2020,live,213
26/4/2020,home,611
26/4/2020,free,235
26/4/2020,food,290
26/4/2020,died,315
26/4/2020,data,231
26/4/2020,care,387
27/4/2020,support,1876
27/4/2020,stay,966
27/4/2020,social,912
27/4/2020,safe,704
27/4/2020,public,853
27/4/2020,protect,896
27/4/2020,pandemic.,1125
27/4/2020,pandemic,2593
27/4/2020,news,775
27/4/2020,lockdown,2014
27/4/2020,lives,819
27/4/2020,live,702
27/4/2020,home,1383
27/4/2020,free,730
27/4/2020,food,662
27/4/2020,died,598
27/4/2020,data,656
27/4/2020,care,1231
28/4/2020,support,1273
28/4/2020,stay,573
28/4/2020,social,677
28/4/2020,safe,559
28/4/2020,public,588
28/4/2020,protect,592
28/4/2020,pandemic.,804
28/4/2020,pandemic,1848
28/4/2020,news,551
28/4/2020,lockdown,1366
28/4/2020,lives,919
28/4/2020,live,434
28/4/2020,home,1090
28/4/2020,free,498
28/4/2020,food,473
28/4/2020,died,663
28/4/2020,data,507
28/4/2020,care,1211
29/4/2020,care,12128
29/4/2020,died,8589
29/4/2020,home,11653
29/4/2020,life,6736
29/4/2020,live,6185
29/4/2020,lives,7085
29/4/2020,lockdown,12726
29/4/2020,news,9079
29/4/2020,News,7737
29/4/2020,pandemic,26047
29/4/2020,police,6354
29/4/2020,public,7831
29/4/2020,safe,7015
29/4/2020,social,8623
29/4/2020,stay,5793
29/4/2020,support,9580
29/4/2020,week,6815
30/4/2020,stay,6072
30/4/2020,social,5415
30/4/2020,read,5609
30/4/2020,public,5288
30/4/2020,pandemic,19881
30/4/2020,open,4654
30/4/2020,News,11561
30/4/2020,lockdown,10435
30/4/2020,lives,4365
30/4/2020,live,5235
30/4/2020,life,4994
30/4/2020,hope,4902
30/4/2020,home,10411
30/4/2020,free,5373
30/4/2020,died,5850
30/4/2020,data,5161
30/4/2020,care,7694
1/5/2020,#lockdown,2703
1/5/2020,care,3508
1/5/2020,community,2166
1/5/2020,data,1995
1/5/2020,free,2114
1/5/2020,home,4340
1/5/2020,life,1735
1/5/2020,lives,2191
1/5/2020,lockdown,3673
1/5/2020,news,2561
1/5/2020,pandemic,8800
1/5/2020,protect,2065
1/5/2020,public,2453
1/5/2020,Read,2208
1/5/2020,safe,2744
1/5/2020,social,2397
1/5/2020,stay,2368
1/5/2020,support,4815
1/5/2020,week,2131
1/5/2020,weeks,2153
2/5/2020,#lockdown,1896
2/5/2020,care,1899
2/5/2020,community,1181
2/5/2020,data,1274
2/5/2020,free,1111
2/5/2020,home,2882
2/5/2020,life,1368
2/5/2020,lives,1753
2/5/2020,lockdown,2651
2/5/2020,news,1487
2/5/2020,pandemic,4844
2/5/2020,protect,1366
2/5/2020,public,1462
2/5/2020,Read,892
2/5/2020,safe,1544
2/5/2020,social,1662
2/5/2020,stay,1642
2/5/2020,support,2321
2/5/2020,week,1233
2/5/2020,weeks,1071
3/5/2020,support,5357
3/5/2020,stay,6414
3/5/2020,social,5269
3/5/2020,read,5402
3/5/2020,public,4701
3/5/2020,pandemic,16983
3/5/2020,news,10800
3/5/2020,media,4251
3/5/2020,lockdown,11456
3/5/2020,lives,4653
3/5/2020,live,5175
3/5/2020,life,5563
3/5/2020,hope,4984
3/5/2020,home,9154
3/5/2020,family,4047
3/5/2020,died,5845
3/5/2020,data,4218
3/5/2020,care,6448
4/5/2020,support,7689
4/5/2020,STAY,6687
4/5/2020,social,6812
4/5/2020,safe,4459
4/5/2020,read,6260
4/5/2020,Public,5476
4/5/2020,pandemic,20089
4/5/2020,open,5236
4/5/2020,news,12260
4/5/2020,lockdown,12129
4/5/2020,live,5780
4/5/2020,life,5194
4/5/2020,hope,4663
4/5/2020,home,9913
4/5/2020,free,4836
4/5/2020,died,4583
4/5/2020,data,4760
4/5/2020,Care,7013
5/5/2020,toll,5554
5/5/2020,support,11506
5/5/2020,stay,6554
5/5/2020,social,7276
5/5/2020,read,6304
5/5/2020,public,6226
5/5/2020,pandemic,21890
5/5/2020,open,5507
5/5/2020,news,12449
5/5/2020,lockdown,11496
5/5/2020,lives,5283
5/5/2020,Live,6080
5/5/2020,life,5502
5/5/2020,House,5077
5/5/2020,hope,5090
5/5/2020,home,10493
5/5/2020,died,5315
5/5/2020,data,5270
5/5/2020,community,4955
5/5/2020,care,9141
5/5/2020,#GivingTuesdayNow,6123
6/5/2020,#GivingTuesdayNow,4301
6/5/2020,Care,7895
6/5/2020,Data,4665
6/5/2020,died,4794
6/5/2020,home,9319
6/5/2020,HOPE,4569
6/5/2020,House,4639
6/5/2020,LIFE,5115
6/5/2020,live,5492
6/5/2020,lives,4661
6/5/2020,lockdown,10342
6/5/2020,news,11324
6/5/2020,open,4917
6/5/2020,pandemic,18709
6/5/2020,public,5312
6/5/2020,read,5463
6/5/2020,social,6351
6/5/2020,stay,5725
6/5/2020,support,9099
6/5/2020,task,4424
6/5/2020,toll,4768
7/5/2020,care,8654
7/5/2020,data,4818
7/5/2020,died,5141
7/5/2020,free,4261
7/5/2020,home,10868
7/5/2020,hope,4380
7/5/2020,Life,5166
7/5/2020,Live,5379
7/5/2020,lives,4660
7/5/2020,lockdown,11354
7/5/2020,News,12983
7/5/2020,open,4634
7/5/2020,pandemic,20657
7/5/2020,public,5382
7/5/2020,read,5689
7/5/2020,Safe,4355
7/5/2020,social,5578
7/5/2020,stay,6286
7/5/2020,support,7834
7/5/2020,task,4512
8/5/2020,care,9123
8/5/2020,data,5320
8/5/2020,died,5499
8/5/2020,family,4654
8/5/2020,FREE,4847
8/5/2020,home,11248
8/5/2020,hope,5235
8/5/2020,house,5187
8/5/2020,life,5727
8/5/2020,live,6053
8/5/2020,lockdown,13033
8/5/2020,News,12967
8/5/2020,open,4972
8/5/2020,pandemic,23324
8/5/2020,public,6238
8/5/2020,Read,6218
8/5/2020,safe,4766
8/5/2020,social,5649
8/5/2020,Stay,6377
8/5/2020,support,7686
8/5/2020,week,4924
9/5/2020,care,8341
9/5/2020,data,4768
9/5/2020,died,6212
9/5/2020,family,4783
9/5/2020,Home,11181
9/5/2020,hope,5529
9/5/2020,House,6572
9/5/2020,life,5858
9/5/2020,Live,5995
9/5/2020,Lives,4954
9/5/2020,lockdown,12610
9/5/2020,News,12147
9/5/2020,Open,4708
9/5/2020,pandemic,21736
9/5/2020,public,6361
9/5/2020,read,5856
9/5/2020,safe,4960
9/5/2020,social,5919
9/5/2020,stay,6349
9/5/2020,support,7023
9/5/2020,week,4789
10/5/2020,care,7196
10/5/2020,died,6113
10/5/2020,family,4613
10/5/2020,home,9973
10/5/2020,Hope,5012
10/5/2020,House,8060
10/5/2020,life,5531
10/5/2020,live,5831
10/5/2020,lives,4422
10/5/2020,lockdown,10909
10/5/2020,News,10468
10/5/2020,open,4086
10/5/2020,pandemic,16934
10/5/2020,public,4968
10/5/2020,read,4986
10/5/2020,safe,4237
10/5/2020,social,5637
10/5/2020,Stay,6108
10/5/2020,support,4612
10/5/2020,weeks,4093
11/5/2020,care,6714
11/5/2020,died,6085
11/5/2020,family,4189
11/5/2020,home,10005
11/5/2020,homes,4025
11/5/2020,hope,4683
11/5/2020,House,6801
11/5/2020,life,5431
11/5/2020,live,5013
11/5/2020,lives,4642
11/5/2020,lockdown,13416
11/5/2020,news,10038
11/5/2020,Pandemic,15312
11/5/2020,public,5120
11/5/2020,read,4977
11/5/2020,safe,4106
11/5/2020,social,5145
11/5/2020,stay,7884
11/5/2020,support,4050
12/5/2020,care,6999
12/5/2020,died,4929
12/5/2020,home,9829
12/5/2020,homes,4291
12/5/2020,Hope,4314
12/5/2020,House,7208
12/5/2020,Life,5472
12/5/2020,Live,5456
12/5/2020,Lives,4182
12/5/2020,LOCKDOWN,12795
12/5/2020,News,11004
12/5/2020,OpEn,4715
12/5/2020,pandemic,18116
12/5/2020,public,5968
12/5/2020,read,5469
12/5/2020,safe,4872
12/5/2020,social,5947
12/5/2020,stay,5869
12/5/2020,support,6068
12/5/2020,week,4643
13/5/2020,care,8937
13/5/2020,data,4409
13/5/2020,died,6103
13/5/2020,home,9983
13/5/2020,homes,4528
13/5/2020,hope,4604
13/5/2020,house,6174
13/5/2020,LIFE,6006
13/5/2020,live,5858
13/5/2020,lives,4682
13/5/2020,lockdown,10673
13/5/2020,news,10652
13/5/2020,open,4965
13/5/2020,pandemic,19477
13/5/2020,public,5758
13/5/2020,read,5770
13/5/2020,safe,4475
13/5/2020,Social,5592
13/5/2020,stay,5613
13/5/2020,support,6559
14/5/2020,care,10570
14/5/2020,Children,6359
14/5/2020,data,5239
14/5/2020,died,6101
14/5/2020,free,4739
14/5/2020,home,13690
14/5/2020,homes,5861
14/5/2020,hope,5099
14/5/2020,House,5326
14/5/2020,life,5898
14/5/2020,live,6906
14/5/2020,Lockdown,11118
14/5/2020,NEWS,12784
14/5/2020,open,5737
14/5/2020,pandemic,21760
14/5/2020,Public,8171
14/5/2020,read,6120
14/5/2020,safe,5371
14/5/2020,social,6170
14/5/2020,Stay,6812
14/5/2020,support,7544
15/5/2020,care,9046
15/5/2020,Children,5770
15/5/2020,data,4737
15/5/2020,died,5301
15/5/2020,free,4528
15/5/2020,home,10464
15/5/2020,homes,4562
15/5/2020,Hope,4534
15/5/2020,life,5614
15/5/2020,live,6422
15/5/2020,lives,4827
15/5/2020,lockdown,8807
15/5/2020,news,11258
15/5/2020,open,5064
15/5/2020,Pandemic,20245
15/5/2020,Public,6385
15/5/2020,Read,5765
15/5/2020,safe,4958
15/5/2020,social,5611
15/5/2020,stay,6319
15/5/2020,support,7157
16/5/2020,care,9550
16/5/2020,children,5318
16/5/2020,data,4942
16/5/2020,died,5494
16/5/2020,free,4957
16/5/2020,home,10672
16/5/2020,homes,4978
16/5/2020,Hope,5091
16/5/2020,House,7042
16/5/2020,Life,5414
16/5/2020,Live,6591
16/5/2020,lockdown,10763
16/5/2020,news,12179
16/5/2020,open,5641
16/5/2020,pandemic,21640
16/5/2020,public,6380
16/5/2020,Read,6054
16/5/2020,safe,5258
16/5/2020,social,5904
16/5/2020,Stay,6033
16/5/2020,support,7776
16/5/2020,week,4852
17/5/2020,care,12567
17/5/2020,children,6645
17/5/2020,died,10780
17/5/2020,FREE,6672
17/5/2020,Home,16362
17/5/2020,homes,7633
17/5/2020,hope,7947
17/5/2020,house,7875
17/5/2020,life,8818
17/5/2020,live,8816
17/5/2020,LOCKDOWN,17111
17/5/2020,news,17914
17/5/2020,open,7540
17/5/2020,pandemic,28064
17/5/2020,Public,8492
17/5/2020,read,8660
17/5/2020,safe,7231
17/5/2020,social,8357
17/5/2020,stay,8751
17/5/2020,support,8012
18/5/2020,care,11087
18/5/2020,children,6637
18/5/2020,died,9601
18/5/2020,family,7432
18/5/2020,free,6555
18/5/2020,home,14692
18/5/2020,homes,7238
18/5/2020,hope,7366
18/5/2020,life,8377
18/5/2020,live,8648
18/5/2020,lives,6434
18/5/2020,lockdown,18244
18/5/2020,news,16047
18/5/2020,open,7393
18/5/2020,pandemic,25169
18/5/2020,PUBLIC,8672
18/5/2020,read,8224
18/5/2020,safe,7191
18/5/2020,social,8312
18/5/2020,stay,8459
18/5/2020,support,7232
19/5/2020,Care,14459
19/5/2020,data,10024
19/5/2020,died,8895
19/5/2020,free,8046
19/5/2020,home,16238
19/5/2020,homes,7796
19/5/2020,hope,9000
19/5/2020,life,9305
19/5/2020,Live,10324
19/5/2020,lockdown,18771
19/5/2020,media,7527
19/5/2020,News,24104
19/5/2020,OPEN,8757
19/5/2020,pandemic,33652
19/5/2020,public,10272
19/5/2020,Read,10250
19/5/2020,safe,9197
19/5/2020,social,9945
19/5/2020,stay,9318
19/5/2020,Support,11381
19/5/2020,week,9552
22/5/2020,care,2426
22/5/2020,data,1601
22/5/2020,died,1672
22/5/2020,home,3397
22/5/2020,hope,1658
22/5/2020,life,1760
22/5/2020,live,1582
22/5/2020,lives,1920
22/5/2020,lockdown,3577
22/5/2020,news,2324
22/5/2020,News,2970
22/5/2020,pandemic,6704
22/5/2020,public,1747
22/5/2020,safe,1781
22/5/2020,social,1824
22/5/2020,support,2948
22/5/2020,week,1757
23/5/2020,care,2545
23/5/2020,child,1694
23/5/2020,children,1664
23/5/2020,died,1545
23/5/2020,drive,1519
23/5/2020,family,2612
23/5/2020,home,4255
23/5/2020,life,1850
23/5/2020,live,1512
23/5/2020,lives,1564
23/5/2020,lockdown,5520
23/5/2020,News,2653
23/5/2020,news,1859
23/5/2020,pandemic,5624
23/5/2020,parents,2571
23/5/2020,public,1764
23/5/2020,rules,2979
23/5/2020,safe,1720
23/5/2020,social,1491
23/5/2020,stay,1979
23/5/2020,support,1752
23/5/2020,wife,1526
24/5/2020,care,9731
24/5/2020,died,9665
24/5/2020,Eid,6623
24/5/2020,family,9237
24/5/2020,home,14318
24/5/2020,homes,6484
24/5/2020,Hope,6250
24/5/2020,life,7050
24/5/2020,live,7440
24/5/2020,lives,8782
24/5/2020,lockdown,14935
24/5/2020,news,12278
24/5/2020,pandemic,20100
24/5/2020,public,7028
24/5/2020,read,6684
24/5/2020,rules,6261
24/5/2020,safe,5633
24/5/2020,social,7756
24/5/2020,stay,8548
24/5/2020,support,5702
25/5/2020,care,10212
25/5/2020,child,6612
25/5/2020,died,9450
25/5/2020,family,9358
25/5/2020,home,16047
25/5/2020,homes,5906
25/5/2020,hope,6064
25/5/2020,life,7111
25/5/2020,live,7835
25/5/2020,lives,7029
25/5/2020,Lockdown,15954
25/5/2020,media,6369
25/5/2020,news,13976
25/5/2020,pandemic,23232
25/5/2020,public,8517
25/5/2020,read,7226
25/5/2020,Rules,7475
25/5/2020,Safe,6343
25/5/2020,social,8379
25/5/2020,stay,8868
25/5/2020,support,7086
25/5/2020,wife,8169
26/5/2020,care,12050
26/5/2020,data,6924
26/5/2020,Died,8580
26/5/2020,family,7051
26/5/2020,home,14613
26/5/2020,homes,7848
26/5/2020,hope,6143
26/5/2020,life,7123
26/5/2020,live,8410
26/5/2020,lockdown,15815
26/5/2020,media,6928
26/5/2020,news,16529
26/5/2020,open,6479
26/5/2020,pandemic,29103
26/5/2020,public,9275
26/5/2020,read,8618
26/5/2020,safe,6626
26/5/2020,Social,8243
26/5/2020,stay,7708
26/5/2020,support,9042
27/5/2020,care,11979
27/5/2020,data,6694
27/5/2020,dead,5875
27/5/2020,died,8993
27/5/2020,Free,6495
27/5/2020,home,13849
27/5/2020,homes,7709
27/5/2020,life,7109
27/5/2020,live,8011
27/5/2020,lives,6628
27/5/2020,lockdown,12757
27/5/2020,news,15677
27/5/2020,pandemic,29254
27/5/2020,Public,9556
27/5/2020,read,8515
27/5/2020,Safe,6438
27/5/2020,social,7720
27/5/2020,stay,7319
27/5/2020,support,9722
28/5/2020,care,11293
28/5/2020,data,6959
28/5/2020,DIED,8084
28/5/2020,free,6578
28/5/2020,home,11549
28/5/2020,Homes,8024
28/5/2020,life,5973
28/5/2020,LIVE,7244
28/5/2020,lives,6490
28/5/2020,Lockdown,13888
28/5/2020,Media,6193
28/5/2020,News,13436
28/5/2020,pandemic,25935
28/5/2020,public,8092
28/5/2020,Read,8268
28/5/2020,safe,5943
28/5/2020,social,7494
28/5/2020,stay,6491
28/5/2020,support,9047
28/5/2020,week,6075
29/5/2020,care,12082
29/5/2020,died,8662
29/5/2020,home,11571
29/5/2020,life,6708
29/5/2020,live,6214
29/5/2020,lives,7161
29/5/2020,lockdown,12684
29/5/2020,news,9103
29/5/2020,News,7722
29/5/2020,pandemic,26234
29/5/2020,police,6365
29/5/2020,public,7813
29/5/2020,safe,6997
29/5/2020,social,8584
29/5/2020,stay,5878
29/5/2020,support,9657
29/5/2020,week,6821
30/5/2020,care,7842
30/5/2020,died,6508
30/5/2020,distancing,5771
30/5/2020,home,10382
30/5/2020,hope,5324
30/5/2020,life,5476
30/5/2020,live,5053
30/5/2020,lives,6665
30/5/2020,lockdown,15049
30/5/2020,news,6888
30/5/2020,News,6319
30/5/2020,open,5348
30/5/2020,pandemic,18023
30/5/2020,police,7141
30/5/2020,public,5654
30/5/2020,safe,6856
30/5/2020,social,8563
30/5/2020,stay,6146
30/5/2020,support,6171
30/5/2020,week,5802
30/5/2020,weeks,6007
31/5/2020,#KIITKISSFightsCovid19,11610
31/5/2020,care,10610
31/5/2020,died,5634
31/5/2020,distancing,6452
31/5/2020,home,10684
31/5/2020,hope,5925
31/5/2020,life,6113
31/5/2020,lives,7687
31/5/2020,lockdown,13626
31/5/2020,media,5526
31/5/2020,news,7702
31/5/2020,News,5842
31/5/2020,open,5444
31/5/2020,pandemic,18147
31/5/2020,People,5529
31/5/2020,police,9614
31/5/2020,public,5740
31/5/2020,safe,7635
31/5/2020,social,10826
31/5/2020,stay,6952
31/5/2020,support,6883
31/5/2020,week,6045
31/5/2020,weeks,6620
,,
,,
,,
,,
,,
,,
,,
,,
,,
,,
,,
,,
,,
,,
,,
,,
,,
,,
,,
,,
,,
,,
,,
,,
,,
,,
,,
,,
,,
,,
,,
,,
,,
,,
,,
,,
,,
,,
,,
,,
,,
,,
,,
,,
,,
,,
,,
,,
,,
,,
,,
,,
,,
,,
,,
,,
,,
,,
,,
,,
,,
,,
,,
,,
,,
,,
,,
,,
,,
,,
,,
,,
,,
,,
,,
,,
,,
,,
,,
,,
,,
,,
,,
,,
,,
,,
,,
,,
,,
,,
,,
,,
,,
,,
,,
,,
,,
,,
,,
,,
,,
,,
,,
,,
,,
,,
,,
,,
,,
,,
,,
,,
,,
,,
,,
,,
,,
,,
,,
,,
,,
,,
,,
,,
,,
,,
,,
,,
,,
,,
,,
,,
,,
,,
,,
,,
,,
,,
,,
,,
,,
,,
,,
,,
,,
,,
,,
,,
,,
,,
,,
,,
,,
,,
,,
,,
,,
,,
,,
,,
,,
,,
,,
,,
,,
,,
,,
,,
,,
,,
,,
,,
,,
,,
,,
,,
,,
,,
,,
,,
,,
,,
,,
,,
,,
,,
,,
,,
,,
,,
,,
,,
,,
,,
,,
,,
,,
,,
,,
,,
,,
,,
,,
,,
,,
,,
,,
,,
,,
,,
,,
,,
,,
,,
,,
,,
,,
,,
,,
,,
,,
,,
,,
,,
,,
,,
,,
,,
,,
,,
,,
,,
,,
,,
,,
,,
,,
,,
,,
,,
,,
,,
,,
,,
,,
,,
,,
,,
,,
,,
,,
,,
,,
,,
,,
,,
,,
,,
,,
,,
,,
,,
,,
,,
,,
,,
,,
,,
,,
,,
,,
,,
,,
,,
,,
,,
,,
,,
,,
,,
,,
,,
,,
,,
,,
,,
,,
,,
,,
,,
,,
,,
,,
,,
,,
,,
,,
,,
,,
,,
,,
,,
,,
,,
,,
,,
,,
,,
,,
,,
,,
,,
,,
,,
,,
,,
,,
,,
,,
,,
,,
,,
,,
,,
,,
,,
,,
,,
,,
,,
,,
,,
,,
,,
,,
,,
,,
,,
,,
,,
,,
,,
,,
,,
,,
,,
,,
,,
,,
,,
,,
,,
,,
,,
,,
,,
,,
,,
,,
,,
,,
,,
,,
,,
,,
,,
,,
,,
,,
,,
,,
,,
,,
,,
,,
,,
,,
,,
,,
,,
,,
,,
,,
,,
,,
,,
,,
,,
,,
,,
,,
,,
,,
,,
,,
,,
,,
,,
,,
,,
,,
,,
,,
,,
,,
,,
,,
,,
,,
,,
,,
,,
,,
,,
,,
,,
,,
,,
,,
,,
,,
,,
,,
,,
,,
,,
,,
,,
,,
,,
,,
,,
,,
,,
,,
,,
,,
,,
,,
,,
,,
,,
,,
,,
,,
,,
,,
,,
,,
,,
,,
,,
,,
,,
,,
,,
,,
,,
,,
,,
,,
,,
,,
,,
,,
,,
,,
,,
,,
,,
,,
,,
,,
,,
,,
,,
,,
,,
,,
,,
,,
,,
,,
,,
,,
,,
,,
,,
,,
,,
,,
,,
,,
,,
,,
,,
,,
,,
,,
,,
,,
,,
,,
,,
,,
,,
,,
,,
,,
,,
,,
,,
,,
,,
,,
,,
,,
,,
,,
,,
,,
,,
,,
,,
,,
,,
,,
,,
,,
,,
,,
,,
,,
,,
,,
,,
,,
,,
,,
,,
,,
,,
,,
,,
,,
,,
,,
,,
,,
,,
,,
,,
,,
,,
,,
,,
,,
,,
,,
,,
,,
,,
,,
,,
,,
,,
,,
,,
,,
,,
,,
,,
,,
,,
,,
,,
,,
,,
,,
,,
,,
,,
,,
,,
,,
,,
,,
,,
,,
,,
,,
,,
,,
,,
,,
,,
,,
,,
,,
,,
,,
,,
,,
,,
,,
,,
,,
,,
,,
,,
,,
,,
,,
,,
,,
,,
,,
,,
,,
,,
,,
,,
,,
,,
,,
,,
,,
,,
,,
,,
,,
,,
,,
,,
,,
,,
,,
,,
,,
,,
,,
,,
,,
,,
,,
,,
,,
,,
,,
,,
,,
,,
,,
,,
,,
,,
,,
,,
,,
,,
,,
,,
,,
,,
,,
,,
,,
,,
,,
,,
,,
,,
,,
,,
,,
,,
,,
,,
,,
,,
,,
,,
,,
,,
,,
,,
,,
,,
,,
,,
,,
,,
,,
,,
,,
,,
,,
,,
,,
,,
,,
,,
,,
,,
,,
,,
,,
,,
,,
,,
,,
,,
,,
,,
,,
,,
,,
,,
,,
,,
,,
,,
,,
,,
,,
,,
,,
,,
,,
,,
,,
,,
,,
,,
,,
,,
,,
,,
,,
,,
,,
,,
,,
,,
,,
,,
,,
,,
,,
,,
,,
,,
,,
,,
,,
,,
,,
,,
,,
,,
,,
,,
,,
,,
,,
,,
,,
,,
,,
,,
,,
,,
,,
,,
,,
,,
,,
,,
,,
,,
,,
,,
,,
,,
,,
,,
,,
,,
,,
,,
,,
,,
,,
,,
,,
,,
,,
,,
,,
,,
,,
,,
,,
,,
,,
,,
,,
,,
,,
,,
,,
,,
,,
,,
,,
,,
,,
,,
,,
,,
,,
,,
,,
,,
,,
,,
,,
,,
,,
,,
,,
,,
,,
,,
,,
,,
,,
,,
,,
,,
,,
,,
,,
,,
,,
,,
,,
,,
,,
,,
,,
,,
,,
,,
,,
,,
,,
,,
,,
,,
,,
,,
,,
,,
,,
,,
,,
,,
,,
,,
,,
,,
,,
,,
,,
,,
,,
,,
,,
,,
,,
,,
,,
,,
,,
,,
,,
,,
,,
,,
,,
,,
,,
,,
,,
,,
,,
,,
,,
,,
,,
,,
,,
,,
,,
,,
,,
,,
,,
,,
,,
,,
,,
,,
,,
,,
,,
,,
,,
,,
,,
,,
,,
,,
,,
,,
,,
,,
,,
,,
,,
,,
,,
,,
,,
,,
,,
,,
,,
,,
,,
,,
,,
,,
,,
,,
,,
,,
,,
,,
,,
,,
,,
,,
,,
,,
,,
,,
,,
,,
,,
,,
,,
,,
,,
,,
,,
,,
,,
,,
,,
,,
,,
,,
,,
,,
,,
,,
,,
,,
,,
,,
,,
,,
,,
,,
,,
,,
,,
,,
,,
,,
,,
,,
,,
,,
,,
,,
,,
,,
,,
,,
,,
,,
,,
,,
,,
,,
,,
,,
,,
,,
,,
,,
,,
,,
,,
,,
,,
,,
,,
,,
,,
,,
,,
,,
,,
,,
,,
,,
,,
,,
,,
,,
,,
,,
,,
,,
,,
,,
,,
,,
,,
,,
,,
,,
,,
,,
,,
,,
,,
,,
,,
,,
,,
,,
,,
,,
,,
,,
,,
,,
,,
,,
,,
,,
,,
,,
,,
,,
,,
,,
,,
,,
,,
,,
,,
,,
,,
,,
,,
,,
,,
,,
,,
,,
,,
,,
,,
,,
,,
,,
,,
,,
,,
,,
,,
,,
,,
,,
,,
,,
,,
,,
,,
,,
,,
,,
,,
,,
,,
,,
,,
,,
,,
,,
,,
,,
,,
,,
,,
,,
,,
,,
,,
,,
,,
,,
,,
,,
,,
,,
,,
,,
,,
,,
,,
,,
,,
,,
,,
,,
,,
,,
,,
,,
,,
,,
,,
,,
,,
,,
,,
,,
,,
,,
,,
,,
,,
,,
,,
,,
,,
,,
,,
,,
,,
,,
,,
,,
,,
,,
,,
,,
,,
,,
,,
,,
,,
,,
,,
,,
,,
,,
,,
,,
,,
,,
,,
,,
,,
,,
,,
,,
,,
,,
,,
,,
,,
,,
,,
,,
,,
,,
,,
,,
,,
,,
,,
,,
,,
,,
,,
,,
,,
,,
,,
,,
,,
,,
,,
,,
,,
,,
,,
,,
,,
,,
,,
,,
,,
,,
,,
,,
,,
,,
,,
,,
,,
,,
,,
,,
,,
,,
,,
,,
,,
,,
,,
,,
,,
,,
,,
,,
,,
,,
,,
,,
,,
,,
,,
,,
,,
,,
,,
,,
,,
,,
,,
,,
,,
,,
,,
,,
,,
,,
,,
,,
,,
,,
,,
,,
,,
,,
,,
,,
,,
,,
,,
,,
,,
,,
,,
,,
,,
,,
,,
,,
,,
,,
,,
,,
,,
,,
,,
,,
,,
,,
,,
,,
,,
,,
,,
,,
,,
,,
,,
,,
,,
,,
,,
,,
,,
,,
,,
,,
,,
,,
,,
,,
,,
,,
,,
,,
,,
,,
,,
,,
,,
,,
,,
,,
,,
,,
,,
,,
,,
,,
,,
,,
,,
,,
,,
,,
,,
,,
,,
,,
,,
,,
,,
,,
,,
,,
,,
,,
,,
,,
,,
,,
,,
,,
,,
,,
,,
,,
,,
,,
,,
,,
,,
,,
,,
,,
,,
,,
,,
,,
,,
,,
,,
,,
,,
,,
,,
,,
,,
,,
,,
,,
,,
,,
,,
,,
,,
,,
,,
,,
,,
,,
,,
,,
,,
,,
,,
,,
,,
,,
,,
,,
,,
,,
,,
,,
,,
,,
,,
,,
,,
,,
,,
,,
,,
,,
,,
,,
,,
,,
,,
,,
,,
,,
,,
,,
,,
,,
,,
,,
,,
,,
,,
,,
,,
,,
,,
,,
,,
,,
,,
,,
,,
,,
,,
,,
,,
,,
,,
,,
,,
,,
,,
,,
,,
,,
,,
,,
,,
,,
,,
,,
,,
,,
,,
,,
,,
,,
,,
,,
,,
,,
,,
,,
,,
,,
,,
,,
,,
,,
,,
,,
,,
,,
,,
,,
,,
,,
,,
,,
,,
,,
,,
,,
,,
,,
,,
,,
,,
,,
,,
,,
,,
,,
,,
,,
,,
,,
,,
,,
,,
,,
,,
,,
,,
,,
,,
,,
,,
,,
,,
,,
,,
,,
,,
,,
,,
,,
,,
,,
,,
,,
,,
,,
,,
,,
,,
,,
,,
,,
,,
,,
,,
,,
,,
,,
,,
,,
,,
,,
,,
,,
,,
,,
,,
,,
,,
,,
,,
,,
,,
,,
,,
,,
,,
,,
,,
,,
,,
,,
,,
,,
,,
,,
,,
,,
,,
,,
,,
,,
,,
,,
,,
,,
,,
,,
,,
,,
,,
,,
,,
,,
,,
,,
,,
,,
,,
,,
,,
,,
,,
,,
,,
,,
,,
,,
,,
,,
,,
,,
,,
,,
,,
,,
,,
,,
,,
,,
,,
,,
,,
,,
,,
,,
,,
,,
,,
,,
,,
,,
,,
,,
,,
,,
,,
,,
,,
,,
,,
,,
,,
,,
,,
,,
,,
,,
,,
,,
,,
,,
,,
,,
,,
,,
,,
,,
,,
,,
,,
,,
,,
,,
,,
,,
,,
,,
,,
,,
,,
,,
,,
,,
,,
,,
,,
,,
,,
,,
,,
,,
,,
,,
,,
,,
,,
,,
,,
,,
,,
,,
,,
,,
,,
,,
,,
,,
,,
,,
,,
,,
,,
,,
,,
,,
,,
,,
,,
,,
,,
,,
,,
,,
,,
,,
,,
,,
,,
,,
,,
,,
,,
,,
,,
,,
,,
,,
,,
,,
,,
,,
,,
,,
,,
,,
,,
,,
,,
,,
,,
,,
,,
,,
,,
,,
,,
,,
,,
,,
,,
,,
,,
,,
,,
,,
,,
,,
,,
,,
,,
,,
,,
,,
,,
,,
,,
,,
,,
,,
,,
,,
,,
,,
,,
,,
,,
,,
,,
,,
,,
,,
,,
,,
,,
,,
,,
,,
,,
,,
,,
,,
,,
,,
,,
,,
,,
,,
,,
,,
,,
,,
,,
,,
,,
,,
,,
,,
,,
,,
,,
,,
,,
,,
,,
,,
,,
,,
,,
,,
,,
,,
,,
,,
,,
,,
,,
,,
,,
,,
,,
,,
,,
,,
,,
,,
,,
,,
,,
,,
,,
,,
,,
,,
,,
,,
,,
,,
,,
,,
,,
,,
,,
,,
,,
,,
,,
,,
,,
,,
,,
,,
,,
,,
,,
,,
,,
,,
,,
,,
,,
,,
,,
,,
,,
,,
,,
,,
,,
,,
,,
,,
,,
,,
,,
,,
,,
,,
,,
,,
,,
,,
,,
,,
,,
,,
,,
,,
,,
,,
,,
,,
,,
,,
,,
,,
,,
,,
,,
,,
,,
,,
,,
,,
,,
,,
,,
,,
,,
,,
,,
,,
,,
,,
,,
,,
,,
,,
,,
,,
,,
,,
,,
,,
,,
,,
,,
,,
,,
,,
,,
,,
,,
,,
,,
,,
,,
,,
,,
,,
,,
,,
,,
,,
,,
,,
,,
,,
,,
,,
,,
,,
,,
,,
,,
,,
,,
,,
,,
,,
,,
,,
,,
,,
,,
,,
,,
,,
,,
,,
,,
,,
,,
,,
,,
,,
,,
,,
,,
,,
,,
,,
,,
,,
,,
,,
,,
,,
,,
,,
,,
,,
,,
,,
,,
,,
,,
,,
,,
,,
,,
,,
,,
,,
,,
,,
,,
,,
,,
,,
,,
,,
,,
,,
,,
,,
,,
,,
,,
,,
,,
,,
,,
,,
,,
,,
,,
,,
,,
,,
,,
,,
,,
,,
,,
,,
,,
,,
,,
,,
,,
,,
,,
,,
,,
,,
,,
,,
,,
,,
,,
,,
,,
,,
,,
,,
,,
,,
,,
,,
,,
,,
,,
,,
,,
,,
,,
,,
,,
,,
,,
,,
,,
,,
,,
,,
,,
,,
,,
,,
,,
,,
,,
,,
,,
,,
,,
,,
,,
,,
,,
,,
,,
,,
,,
,,
,,
,,
,,
,,
,,
,,
,,
,,
,,
,,
,,
,,
,,
,,
,,
,,
,,
,,
,,
,,
,,
,,
,,
,,
,,
,,
,,
,,
,,
,,
,,
,,
,,
,,
,,
,,
,,
,,
,,
,,
,,
,,
,,
,,
,,
,,
,,
,,
,,
,,
,,
,,
,,
,,
,,
,,
,,
,,
,,
,,
,,
,,
,,
,,
,,
,,
,,
,,
,,
,,
,,
,,
,,
,,
,,
,,
,,
,,
,,
,,
,,
,,
,,
,,
,,
,,
,,
,,
,,
,,
,,
,,
,,
,,
,,
,,
,,
,,
,,
,,
,,
,,
,,
,,
,,
,,
,,
,,
,,
,,
,,
,,
,,
,,
,,
,,
,,
,,
,,
,,
,,
,,
,,
,,
,,
,,
,,
,,
,,
,,
,,
,,
,,
,,
,,
,,
,,
,,
,,
,,
,,
,,
,,
,,
,,
,,
,,
,,
,,
,,
,,
,,
,,
,,
,,
,,
,,
,,
,,
,,
,,
,,
,,
,,
,,
,,
,,
,,
,,
,,
,,
,,
,,
,,
,,
,,
,,
,,
,,
,,
,,
,,
,,
,,
,,
,,
,,
,,
,,
,,
,,
,,
,,
,,
,,
,,
,,
,,
,,
,,
,,
,,
,,
,,
,,
,,
,,
,,
,,
,,
,,
,,
,,
,,
,,
,,
,,
,,
,,
,,
,,
,,
,,
,,
,,
,,
,,
,,
,,
,,
,,
,,
,,
,,
,,
,,
,,
,,
,,
,,
,,
,,
,,
,,
,,
,,
,,
,,
,,
,,
,,
,,
,,
,,
,,
,,
,,
,,
,,
,,
,,
,,
,,
,,
,,
,,
,,
,,
,,
,,
,,
,,
,,
,,
,,
,,
,,
,,
,,
,,
,,
,,
,,
,,
,,
,,
,,
,,
,,
,,
,,
,,
,,
,,
,,
,,
,,
,,
,,
,,
,,
,,
,,
,,
,,
,,
,,
,,
,,
,,
,,
,,
,,
,,
,,
,,
,,
,,
,,
,,
,,
,,
,,
,,
,,
,,
,,
,,
,,
,,
,,
,,
,,
,,
,,
,,
,,
,,
,,
,,
,,
,,
,,
,,
,,
,,
,,
,,
,,
,,
,,
,,
,,
,,
,,
,,
,,
,,
,,
,,
,,
,,
,,
,,
,,
,,
,,
,,
,,
,,
,,
,,
,,
,,
,,
,,
,,
,,
,,
,,
,,
,,
,,
,,
,,
,,
,,
,,
,,
,,
,,
,,
,,
,,
,,
,,
,,
,,
,,
,,
,,
,,
,,
,,
,,
,,
,,
,,
,,
,,
,,
,,
,,
,,
,,
,,
,,
,,
,,
,,
,,
,,
,,
,,
,,
,,
,,
,,
,,
,,
,,
,,
,,
,,
,,
,,
,,
,,
,,
,,
,,
,,
,,
,,
,,
,,
,,
,,
,,
,,
,,
,,
,,
,,
,,
,,
,,
,,
,,
,,
,,
,,
,,
,,
,,
,,
,,
,,
,,
,,
,,
,,
,,
,,
,,
,,
,,
,,
,,
,,
,,
,,
,,
,,
,,
,,
,,
,,
,,
,,
,,
,,
,,
,,
,,
,,
,,
,,
,,
,,
,,
,,
,,
,,
,,
,,
,,
,,
,,
,,
,,
,,
,,
,,
,,
,,
,,
,,
,,
,,
,,
,,
,,
,,
,,
,,
,,
,,
,,
,,
,,
,,
,,
,,
,,
,,
,,
,,
,,
,,
,,
,,
,,
,,
,,
,,
,,
,,
,,
,,
,,
,,
,,
,,
,,
,,
,,
,,
,,
,,
,,
,,
,,
,,
,,
,,
,,
,,
,,
,,
,,
,,
,,
,,
,,
,,
,,
,,
,,
,,
,,
,,
,,
,,
,,
,,
,,
,,
,,
,,
,,
,,
,,
,,
,,
,,
,,
,,
,,
,,
,,
,,
,,
,,
,,
,,
,,
,,
,,
,,
,,
,,
,,
,,
,,
,,
,,
,,
,,
,,
,,
,,
,,
,,
,,
,,
,,
,,
,,
,,
,,
,,
,,
,,
,,
,,
,,
,,
,,
,,
,,
,,
,,
,,
,,
,,
,,
,,
,,
,,
,,
,,
,,
,,
,,
,,
,,
,,
,,
,,
,,
,,
,,
,,
,,
,,
,,
,,
,,
,,
,,
,,
,,
,,
,,
,,
,,
,,
,,
,,
,,
,,
,,
,,
,,
,,
,,
,,
,,
,,
,,
,,
,,
,,
,,
,,
,,
,,
,,
,,
,,
,,
,,
,,
,,
,,
,,
,,
,,
,,
,,
,,
,,
,,
,,
,,
,,
,,
,,
,,
,,
,,
,,
,,
,,
,,
,,
,,
,,
,,
,,
,,
,,
,,
,,
,,
,,
,,
,,
,,
,,
,,
,,
,,
,,
,,
,,
,,
,,
,,
,,
,,
,,
,,
,,
,,
,,
,,
,,
,,
,,
,,
,,
,,
,,
,,
,,
,,
,,
,,
,,
,,
,,
,,
,,
,,
,,
,,
,,
,,
,,
,,
,,
,,
,,
,,
,,
,,
,,
,,
,,
,,
,,
,,
,,
,,
,,
,,
,,
,,
,,
,,
,,
,,
,,
,,
,,
,,
,,
,,
,,
,,
,,
,,
,,
,,
,,
,,
,,
,,
,,
,,
,,
,,
,,
,,
,,
,,
,,
,,
,,
,,
,,
,,
,,
,,
,,
,,
,,
,,
,,
,,
,,
,,
,,
,,
,,
,,
,,
,,
,,
,,
,,
,,
,,
,,
,,
,,
,,
,,
,,
,,
,,
,,
,,
,,
,,
,,
,,
,,
,,
,,
,,
,,
,,
,,
,,
,,
,,
,,
,,
,,
,,
,,
,,
,,
,,
,,
,,
,,
,,
,,
,,
,,
,,
,,
,,
,,
,,
,,
,,
,,
,,
,,
,,
,,
,,
,,
,,
,,
,,
,,
,,
,,
,,
,,
,,
,,
,,
,,
,,
,,
,,
,,
,,
,,
,,
,,
,,
,,
,,
,,
,,
,,
,,
,,
,,
,,
,,
,,
,,
,,
,,
,,
,,
,,
,,
,,
,,
,,
,,
,,
,,
,,
,,
,,
,,
,,
,,
,,
,,
,,
,,
,,
,,
,,
,,
,,
,,
,,
,,
,,
,,
,,
,,
,,
,,
,,
,,
,,
,,
,,
,,
,,
,,
,,
,,
,,
,,
,,
,,
,,
,,
,,
,,
,,
,,
,,
,,
,,
,,
,,
,,
,,
,,
,,
,,
,,
,,
,,
,,
,,
,,
,,
,,
,,
,,
,,
,,
,,
,,
,,
,,
,,
,,
,,
,,
,,
,,
,,
,,
,,
,,
,,
,,
,,
,,
,,
,,
,,
,,
,,
,,
,,
,,
,,
,,
,,
,,
,,
,,
,,
,,
,,
,,
,,
,,
,,
,,
,,
,,
,,
,,
,,
,,
,,
,,
,,
,,
,,
,,
,,
,,
,,
,,
,,
,,
,,
,,
,,
,,
,,
,,
,,
,,
,,
,,
,,
,,
,,
,,
,,
,,
,,
,,
,,
,,
,,
,,
,,
,,
,,
,,
,,
,,
,,
,,
,,
,,
,,
,,
,,
,,
,,
,,
,,
,,
,,
,,
,,
,,
,,
,,
,,
,,
,,
,,
,,
,,
,,
,,
,,
,,
,,
,,
,,
,,
,,
,,
,,
,,
,,
,,
,,
,,
,,
,,
,,
,,
,,
,,
,,
,,
,,
,,
,,
,,
,,
,,
,,
,,
,,
,,
,,
,,
,,
,,
,,
,,
,,
,,
,,
,,
,,
,,
,,
,,
,,
,,
,,
,,
,,
,,
,,
,,
,,
,,
,,
,,
,,
,,
,,
,,
,,
,,
,,
,,
,,
,,
,,
,,
,,
,,
,,
,,
,,
,,
,,
,,
,,
,,
,,
,,
,,
,,
,,
,,
,,
,,
,,
,,
,,
,,
,,
,,
,,
,,
,,
,,
,,
,,
,,
,,
,,
,,
,,
,,
,,
,,
,,
,,
,,
,,
,,
,,
,,
,,
,,
,,
,,
,,
,,
,,
,,
,,
,,
,,
,,
,,
,,
,,
,,
,,
,,
,,
,,
,,
,,
,,
,,
,,
,,
,,
,,
,,
,,
,,
,,
,,
,,
,,
,,
,,
,,
,,
,,
,,
,,
,,
,,
,,
,,
,,
,,
,,
,,
,,
,,
,,
,,
,,
,,
,,
,,
,,
,,
,,
,,
,,
,,
,,
,,
,,
,,
,,
,,
,,
,,
,,
,,
,,
,,
,,
,,
,,
,,
,,
,,
,,
,,
,,
,,
,,
,,
,,
,,
,,
,,
,,
,,
,,
,,
,,
,,
,,
,,
,,
,,
,,
,,
,,
,,
,,
,,
,,
,,
,,
,,
,,
,,
,,
,,
,,
,,
,,
,,
,,
,,
,,
,,
,,
,,
,,
,,
,,
,,
,,
,,
,,
,,
,,
,,
,,
,,
,,
,,
,,
,,
,,
,,
,,
,,
,,
,,
,,
,,
,,
,,
,,
,,
,,
,,
,,
,,
,,
,,
,,
,,
,,
,,
,,
,,
,,
,,
,,
,,
,,
,,
,,
,,
,,
,,
,,
,,
,,
,,
,,
,,
,,
,,
,,
,,
,,
,,
,,
,,
,,
,,
,,
,,
,,
,,
,,
,,
,,
,,
,,
,,
,,
,,
,,
,,
,,
,,
,,
,,
,,
,,
,,
,,
,,
,,
,,
,,
,,
,,
,,
,,
,,
,,
,,
,,
,,
,,
,,
,,
,,
,,
,,
,,
,,
,,
,,
,,
,,
,,
,,
,,
,,
,,
,,
,,
,,
,,
,,
,,
,,
,,
,,
,,
,,
,,
,,
,,
,,
,,
,,
,,
,,
,,
,,
,,
,,
,,
,,
,,
,,
,,
,,
,,
,,
,,
,,
,,
,,
,,
,,
,,
,,
,,
,,
,,
,,
,,
,,
,,
,,
,,
,,
,,
,,
,,
,,
,,
,,
,,
,,
,,
,,
,,
,,
,,
,,
,,
,,
,,
,,
,,
,,
,,
,,
,,
,,
,,
,,
,,
,,
,,
,,
,,
,,
,,
,,
,,
,,
,,
,,
,,
,,
,,
,,
,,
,,
,,
,,
,,
,,
,,
,,
,,
,,
,,
,,
,,
,,
,,
,,
,,
,,
,,
,,
,,
,,
,,
,,
,,
,,
,,
,,
,,
,,
,,
,,
,,
,,
,,
,,
,,
,,
,,
,,
,,
,,
,,
,,
,,
,,
,,
,,
,,
,,
,,
,,
,,
,,
,,
,,
,,
,,
,,
,,
,,
,,
,,
,,
,,
,,
,,
,,
,,
,,
,,
,,
,,
,,
,,
,,
,,
,,
,,
,,
,,
,,
,,
,,
,,
,,
,,
,,
,,
,,
,,
,,
,,
,,
,,
,,
,,
,,
,,
,,
,,
,,
,,
,,
,,
,,
,,
,,
,,
,,
,,
,,
,,
,,
,,
,,
,,
,,
,,
,,
,,
,,
,,
,,
,,
,,
,,
,,
,,
,,
,,
,,
,,
,,
,,
,,
,,
,,
,,
,,
,,
,,
,,
,,
,,
,,
,,
,,
,,
,,
,,
,,
,,
,,
,,
,,
,,
,,
,,
,,
,,
,,
,,
,,
,,
,,
,,
,,
,,
,,
,,
,,
,,
,,
,,
,,
,,
,,
,,
,,
,,
,,
,,
,,
,,
,,
,,
,,
,,
,,
,,
,,
,,
,,
,,
,,
,,
,,
,,
,,
,,
,,
,,
,,
,,
,,
,,
,,
,,
,,
,,
,,
,,
,,
,,
,,
,,
,,
,,
,,
,,
,,
,,
,,
,,
,,
,,
,,
,,
,,
,,
,,
,,
,,
,,
,,
,,
,,
,,
,,
,,
,,
,,
,,
,,
,,
,,
,,
,,
,,
,,
,,
,,
,,
,,
,,
,,
,,
,,
,,
,,
,,
,,
,,
,,
,,
,,
,,
,,
,,
,,
,,
,,
,,
,,
,,
,,
,,
,,
,,
,,
,,
,,
,,
,,
,,
,,
,,
,,
,,
,,
,,
,,
,,
,,
,,
,,
,,
,,
,,
,,
,,
,,
,,
,,
,,
,,
,,
,,
,,
,,
,,
,,
,,
,,
,,
,,
,,
,,
,,
,,
,,
,,
,,
,,
,,
,,
,,
,,
,,
,,
,,
,,
,,
,,
,,
,,
,,
,,
,,
,,
,,
,,
,,
,,
,,
,,
,,
,,
,,
,,
,,
,,
,,
,,
,,
,,
,,
,,
,,
,,
,,
,,
,,
,,
,,
,,
,,
,,
,,
,,
,,
,,
,,
,,
,,
,,
,,
,,
,,
,,
,,
,,
,,
,,
,,
,,
,,
,,
,,
,,
,,
,,
,,
,,
,,
,,
,,
,,
,,
,,
,,
,,
,,
,,
,,
,,
,,
,,
,,
,,
,,
,,
,,
,,
,,
,,
,,
,,
,,
,,
,,
,,
,,
,,
,,
,,
,,
,,
,,
,,
,,
,,
,,
,,
,,
,,
,,
,,
,,
,,
,,
,,
,,
,,
,,
,,
,,
,,
,,
,,
,,
,,
,,
,,
,,
,,
,,
,,
,,
,,
,,
,,
,,
,,
,,
,,
,,
,,
,,
,,
,,
,,
,,
,,
,,
,,
,,
,,
,,
,,
,,
,,
,,
,,
,,
,,
,,
,,
,,
,,
,,
,,
,,
,,
,,
,,
,,
,,
,,
,,
,,
,,
,,
,,
,,
,,
,,
,,
,,
,,
,,
,,
,,
,,
,,
,,
,,
,,
,,
,,
,,
,,
,,
,,
,,
,,
,,
,,
,,
,,
,,
,,
,,
,,
,,
,,
,,
,,
,,
,,
,,
,,
,,
,,
,,
,,
,,
,,
,,
,,
,,
,,
,,
,,
,,
,,
,,
,,
,,
,,
,,
,,
,,
,,
,,
,,
,,
,,
,,
,,
,,
,,
,,
,,
,,
,,
,,
,,
,,
,,
,,
,,
,,
,,
,,
,,
,,
,,
,,
,,
,,
,,
,,
,,
,,
,,
,,
,,
,,
,,
,,
,,
,,
,,
,,
,,
,,
,,
,,
,,
,,
,,
,,
,,
,,
,,
,,
,,
,,
,,
,,
,,
,,
,,
,,
,,
,,
,,
,,
,,
,,
,,
,,
,,
,,
,,
,,
,,
,,
,,
,,
,,
,,
,,
,,
,,
,,
,,
,,
,,
,,
,,
,,
,,
,,
,,
,,
,,
,,
,,
,,
,,
,,
,,
,,
,,
,,
,,
,,
,,
,,
,,
,,
,,
,,
,,
,,
,,
,,
,,
,,
,,
,,
,,
,,
,,
,,
,,
,,
,,
,,
,,
,,
,,
,,
,,
,,
,,
,,
,,
,,
,,
,,
,,
,,
,,
,,
,,
,,
,,
,,
,,
,,
,,
,,
,,
,,
,,
,,
,,
,,
,,
,,
,,
,,
,,
,,
,,
,,
,,
,,
,,
,,
,,
,,
,,
,,
,,
,,
,,
,,
,,
,,
,,
,,
,,
,,
,,
,,
,,
,,
,,
,,
,,
,,
,,
,,
,,
,,
,,
,,
,,
,,
,,
,,
,,
,,
,,
,,
,,
,,
,,
,,
,,
,,
,,
,,
,,
,,
,,
,,
,,
,,
,,
,,
,,
,,
,,
,,
,,
,,
,,
,,
,,
,,
,,
,,
,,
,,
,,
,,
,,
,,
,,
,,
,,
,,
,,
,,
,,
,,
,,
,,
,,
,,
,,
,,
,,
,,
,,
,,
,,
,,
,,
,,
,,
,,
,,
,,
,,
,,
,,
,,
,,
,,
,,
,,
,,
,,
,,
,,
,,
,,
,,
,,
,,
,,
,,
,,
,,
,,
,,
,,
,,
,,
,,
,,
,,
,,
,,
,,
,,
,,
,,
,,
,,
,,
,,
,,
,,
,,
,,
,,
,,
,,
,,
,,
,,
,,
,,
,,
,,
,,
,,
,,
,,
,,
,,
,,
,,
,,
,,
,,
,,
,,
,,
,,
,,
,,
,,
,,
,,
,,
,,
,,
,,
,,
,,
,,
,,
,,
,,
,,
,,
,,
,,
,,
,,
,,
,,
,,
,,
,,
,,
,,
,,
,,
,,
,,
,,
,,
,,
,,
,,
,,
,,
,,
,,
,,
,,
,,
,,
,,
,,
,,
,,
,,
,,
,,
,,
,,
,,
,,
,,
,,
,,
,,
,,
,,
,,
,,
,,
,,
,,
,,
,,
,,
,,
,,
,,
,,
,,
,,
,,
,,
,,
,,
,,
,,
,,
,,
,,
,,
,,
,,
,,
,,
,,
,,
,,
,,
,,
,,
,,
,,
,,
,,
,,
,,
,,
,,
,,
,,
,,
,,
,,
,,
,,
,,
,,
,,
,,
,,
,,
,,
,,
,,
,,
,,
,,
,,
,,
,,
,,
,,
,,
,,
,,
,,
,,
,,
,,
,,
,,
,,
,,
,,
,,
,,
,,
,,
,,
,,
,,
,,
,,
,,
,,
,,
,,
,,
,,
,,
,,
,,
,,
,,
,,
,,
,,
,,
,,
,,
,,
,,
,,
,,
,,
,,
,,
,,
,,
,,
,,
,,
,,
,,
,,
,,
,,
,,
,,
,,
,,
,,
,,
,,
,,
,,
,,
,,
,,
,,
,,
,,
,,
,,
,,
,,
,,
,,
,,
,,
,,
,,
,,
,,
,,
,,
,,
,,
,,
,,
,,
,,
,,
,,
,,
,,
,,
,,
,,
,,
,,
,,
,,
,,
,,
,,
,,
,,
,,
,,
,,
,,
,,
,,
,,
,,
,,
,,
,,
,,
,,
,,
,,
,,
,,
,,
,,
,,
,,
,,
,,
,,
,,
,,
,,
,,
,,
,,
,,
,,
,,
,,
,,
,,
,,
,,
,,
,,
,,
,,
,,
,,
,,
,,
,,
,,
,,
,,
,,
,,
,,
,,
,,
,,
,,
,,
,,
,,
,,
,,
,,
,,
,,
,,
,,
,,
,,
,,
,,
,,
,,
,,
,,
,,
,,
,,
,,
,,
,,
,,
,,
,,
,,
,,
,,
,,
,,
,,
,,
,,
,,
,,
,,
,,
,,
,,
,,
,,
,,
,,
,,
,,
,,
,,
,,
,,
,,
,,
,,
,,
,,
,,
,,
,,
,,
,,
,,
,,
,,
,,
,,
,,
,,
,,
,,
,,
,,
,,
,,
,,
,,
,,
,,
,,
,,
,,
,,
,,
,,
,,
,,
,,
,,
,,
,,
,,
,,
,,
,,
,,
,,
,,
,,
,,
,,
,,
,,
,,
,,
,,
,,
,,
,,
,,
,,
,,
,,
,,
,,
,,
,,
,,
,,
,,
,,
,,
,,
,,
,,
,,
,,
,,
,,
,,
,,
,,
,,
,,
,,
,,
,,
,,
,,
,,
,,
,,
,,
,,
,,
,,
,,
,,
,,
,,
,,
,,
,,
,,
,,
,,
,,
,,
,,
,,
,,
,,
,,
,,
,,
,,
,,
,,
,,
,,
,,
,,
,,
,,
,,
,,
,,
,,
,,
,,
,,
,,
,,
,,
,,
,,
,,
,,
,,
,,
,,
,,
,,
,,
,,
,,
,,
,,
,,
,,
,,
,,
,,
,,
,,
,,
,,
,,
,,
,,
,,
,,
,,
,,
,,
,,
,,
,,
,,
,,
,,
,,
,,
,,
,,
,,
,,
,,
,,
,,
,,
,,
,,
,,
,,
,,
,,
,,
,,
,,
,,
,,
,,
,,
,,
,,
,,
,,
,,
,,
,,
,,
,,
,,
,,
,,
,,
,,
,,
,,
,,
,,
,,
,,
,,
,,
,,
,,
,,
,,
,,
,,
,,
,,
,,
,,
,,
,,
,,
,,
,,
,,
,,
,,
,,
,,
,,
,,
,,
,,
,,
,,
,,
,,
,,
,,
,,
,,
,,
,,
,,
,,
,,
,,
,,
,,
,,
,,
,,
,,
,,
,,
,,
,,
,,
,,
,,
,,
,,
,,
,,
,,
,,
,,
,,
,,
,,
,,
,,
,,
,,
,,
,,
,,
,,
,,
,,
,,
,,
,,
,,
,,
,,
,,
,,
,,
,,
,,
,,
,,
,,
,,
,,
,,
,,
,,
,,
,,
,,
,,
,,
,,
,,
,,
,,
,,
,,
,,
,,
,,
,,
,,
,,
,,
,,
,,
,,
,,
,,
,,
,,
,,
,,
,,
,,
,,
,,
,,
,,
,,
,,
,,
,,
,,
,,
,,
,,
,,
,,
,,
,,
,,
,,
,,
,,
,,
,,
,,
,,
,,
,,
,,
,,
,,
,,
,,
,,
,,
,,
,,
,,
,,
,,
,,
,,
,,
,,
,,
,,
,,
,,
,,
,,
,,
,,
,,
,,
,,
,,
,,
,,
,,
,,
,,
,,
,,
,,
,,
,,
,,
,,
,,
,,
,,
,,
,,
,,
,,
,,
,,
,,
,,
,,
,,
,,
,,
,,
,,
,,
,,
,,
,,
,,
,,
,,
,,
,,
,,
,,
,,
,,
,,
,,
,,
,,
,,
,,
,,
,,
,,
,,
,,
,,
,,
,,
,,
,,
,,
,,
,,
,,
,,
,,
,,
,,
,,
,,
,,
,,
,,
,,
,,
,,
,,
,,
,,
,,
,,
,,
,,
,,
,,
,,
,,
,,
,,
,,
,,
,,
,,
,,
,,
,,
,,
,,
,,
,,
,,
,,
,,
,,
,,
,,
,,
,,
,,
,,
,,
,,
,,
,,
,,
,,
,,
,,
,,
,,
,,
,,
,,
,,
,,
,,
,,
,,
,,
,,
,,
,,
,,
,,
,,
,,
,,
,,
,,
,,
,,
,,
,,
,,
,,
,,
,,
,,
,,
,,
,,
,,
,,
,,
,,
,,
,,
,,
,,
,,
,,
,,
,,
,,
,,
,,
,,
,,
,,
,,
,,
,,
,,
,,
,,
,,
,,
,,
,,
,,
,,
,,
,,
,,
,,
,,
,,
,,
,,
,,
,,
,,
,,
,,
,,
,,
,,
,,
,,
,,
,,
,,
,,
,,
,,
,,
,,
,,
,,
,,
,,
,,
,,
,,
,,
,,
,,
,,
,,
,,
,,
,,
,,
,,
,,
,,
,,
,,
,,
,,
,,
,,
,,
,,
,,
,,
,,
,,
,,
,,
,,
,,
,,
,,
,,
,,
,,
,,
,,
,,
,,
,,
,,
,,
,,
,,
,,
,,
,,
,,
,,
,,
,,
,,
,,
,,
,,
,,
,,
,,
,,
,,
,,
,,
,,
,,
,,
,,
,,
,,
,,
,,
,,
,,
,,
,,
,,
,,
,,
,,
,,
,,
,,
,,
,,
,,
,,
,,
,,
,,
,,
,,
,,
,,
,,
,,
,,
,,
,,
,,
,,
,,
,,
,,
,,
,,
,,
,,
,,
,,
,,
,,
,,
,,
,,
,,
,,
,,
,,
,,
,,
,,
,,
,,
,,
,,
,,
,,
,,
,,
,,
,,
,,
,,
,,
,,
,,
,,
,,
,,
,,
,,
,,
,,
,,
,,
,,
,,
,,
,,
,,
,,
,,
,,
,,
,,
,,
,,
,,
,,
,,
,,
,,
,,
,,
,,
,,
,,
,,
,,
,,
,,
,,
,,
,,
,,
,,
,,
,,
,,
,,
,,
,,
,,
,,
,,
,,
,,
,,
,,
,,
,,
,,
,,
,,
,,
,,
,,
,,
,,
,,
,,
,,
,,
,,
,,
,,
,,
,,
,,
,,
,,
,,
,,
,,
,,
,,
,,
,,
,,
,,
,,
,,
,,
,,
,,
,,
,,
,,
,,
,,
,,
,,
,,
,,
,,
,,
,,
,,
,,
,,
,,
,,
,,
,,
,,
,,
,,
,,
,,
,,
,,
,,
,,
,,
,,
,,
,,
,,
,,
,,
,,
,,
,,
,,
,,
,,
,,
,,
,,
,,
,,
,,
,,
,,
,,
,,
,,
,,
,,
,,
,,
,,
,,
,,
,,
,,
,,
,,
,,
,,
,,
,,
,,
,,
,,
,,
,,
,,
,,
,,
,,
,,
,,
,,
,,
,,
,,
,,
,,
,,
,,
,,
,,
,,
,,
,,
,,
,,
,,
,,
,,
,,
,,
,,
,,
,,
,,
,,
,,
,,
,,
,,
,,
,,
,,
,,
,,
,,
,,
,,
,,
,,
,,
,,
,,
,,
,,
,,
,,
,,
,,
,,
,,
,,
,,
,,
,,
,,
,,
,,
,,
,,
,,
,,
,,
,,
,,
,,
,,
,,
,,
,,
,,
,,
,,
,,
,,
,,
,,
,,
,,
,,
,,
,,
,,
,,
,,
,,
,,
,,
,,
,,
,,
,,
,,
,,
,,
,,
,,
,,
,,
,,
,,
,,
,,
,,
,,
,,
,,
,,
,,
,,
,,
,,
,,
,,
,,
,,
,,
,,
,,
,,
,,
,,
,,
,,
,,
,,
,,
,,
,,
,,
,,
,,
,,
,,
,,
,,
,,
,,
,,
,,
,,
,,
,,
,,
,,
,,
,,
,,
,,
,,
,,
,,
,,
,,
,,
,,
,,
,,
,,
,,
,,
,,
,,
,,
,,
,,
,,
,,
,,
,,
,,
,,
,,
,,
,,
,,
,,
,,
,,
,,
,,
,,
,,
,,
,,
,,
,,
,,
,,
,,
,,
,,
,,
,,
,,
,,
,,
,,
,,
,,
,,
,,
,,
,,
,,
,,
,,
,,
,,
,,
,,
,,
,,
,,
,,
,,
,,
,,
,,
,,
,,
,,
,,
,,
,,
,,
,,
,,
,,
,,
,,
,,
,,
,,
,,
,,
,,
,,
,,
,,
,,
,,
,,
,,
,,
,,
,,
,,
,,
,,
,,
,,
,,
,,
,,
,,
,,
,,
,,
,,
,,
,,
,,
,,
,,
,,
,,
,,
,,
,,
,,
,,
,,
,,
,,
,,
,,
,,
,,
,,
,,
,,
,,
,,
,,
,,
,,
,,
,,
,,
,,
,,
,,
,,
,,
,,
,,
,,
,,
,,
,,
,,
,,
,,
,,
,,
,,
,,
,,
,,
,,
,,
,,
,,
,,
,,
,,
,,
,,
,,
,,
,,
,,
,,
,,
,,
,,
,,
,,
,,
,,
,,
,,
,,
,,
,,
,,
,,
,,
,,
,,
,,
,,
,,
,,
,,
,,
,,
,,
,,
,,
,,
,,
,,
,,
,,
,,
,,
,,
,,
,,
,,
,,
,,
,,
,,
,,
,,
,,
,,
,,
,,
,,
,,
,,
,,
,,
,,
,,
,,
,,
,,
,,
,,
,,
,,
,,
,,
,,
,,
,,
,,
,,
,,
,,
,,
,,
,,
,,
,,
,,
,,
,,
,,
,,
,,
,,
,,
,,
,,
,,
,,
,,
,,
,,
,,
,,
,,
,,
,,
,,
,,
,,
,,
,,
,,
,,
,,
,,
,,
,,
,,
,,
,,
,,
,,
,,
,,
,,
,,
,,
,,
,,
,,
,,
,,
,,
,,
,,
,,
,,
,,
,,
,,
,,
,,
,,
,,
,,
,,
,,
,,
,,
,,
,,
,,
,,
,,
,,
,,
,,
,,
,,
,,
,,
,,
,,
,,
,,
,,
,,
,,
,,
,,
,,
,,
,,
,,
,,
,,
,,
,,
,,
,,
,,
,,
,,
,,
,,
,,
,,
,,
,,
,,
,,
,,
,,
,,
,,
,,
,,
,,
,,
,,
,,
,,
,,
,,
,,
,,
,,
,,
,,
,,
,,
,,
,,
,,
,,
,,
,,
,,
,,
,,
,,
,,
,,
,,
,,
,,
,,
,,
,,
,,
,,
,,
,,
,,
,,
,,
,,
,,
,,
,,
,,
,,
,,
,,
,,
,,
,,
,,
,,
,,
,,
,,
,,
,,
,,
,,
,,
,,
,,
,,
,,
,,
,,
,,
,,
,,
,,
,,
,,
,,
,,
,,
,,
,,
,,
,,
,,
,,
,,
,,
,,
,,
,,
,,
,,
,,
,,
,,
,,
,,
,,
,,
,,
,,
,,
,,
,,
,,
,,
,,
,,
,,
,,
,,
,,
,,
,,
,,
,,
,,
,,
,,
,,
,,
,,
,,
,,
,,
,,
,,
,,
,,
,,
,,
,,
,,
,,
,,
,,
,,
,,
,,
,,
,,
,,
,,
,,
,,
,,
,,
,,
,,
,,
,,
,,
,,
,,
,,
,,
,,
,,
,,
,,
,,
,,
,,
,,
,,
,,
,,
,,
,,
,,
,,
,,
,,
,,
,,
,,
,,
,,
,,
,,
,,
,,
,,
,,
,,
,,
,,
,,
,,
,,
,,
,,
,,
,,
,,
,,
,,
,,
,,
,,
,,
,,
,,
,,
,,
,,
,,
,,
,,
,,
,,
,,
,,
,,
,,
,,
,,
,,
,,
,,
,,
,,
,,
,,
,,
,,
,,
,,
,,
,,
,,
,,
,,
,,
,,
,,
,,
,,
,,
,,
,,
,,
,,
,,
,,
,,
,,
,,
,,
,,
,,
,,
,,
,,
,,
,,
,,
,,
,,
,,
,,
,,
,,
,,
,,
,,
,,
,,
,,
,,
,,
,,
,,
,,
,,
,,
,,
,,
,,
,,
,,
,,
,,
,,
,,
,,
,,
,,
,,
,,
,,
,,
,,
,,
,,
,,
,,
,,
,,
,,
,,
,,
,,
,,
,,
,,
,,
,,
,,
,,
,,
,,
,,
,,
,,
,,
,,
,,
,,
,,
,,
,,
,,
,,
,,
,,
,,
,,
,,
,,
,,
,,
,,
,,
,,
,,
,,
,,
,,
,,
,,
,,
,,
,,
,,
,,
,,
,,
,,
,,
,,
,,
,,
,,
,,
,,
,,
,,
,,
,,
,,
,,
,,
,,
,,
,,
,,
,,
,,
,,
,,
,,
,,
,,
,,
,,
,,
,,
,,
,,
,,
,,
,,
,,
,,
,,
,,
,,
,,
,,
,,
,,
,,
,,
,,
,,
,,
,,
,,
,,
,,
,,
,,
,,
,,
,,
,,
,,
,,
,,
,,
,,
,,
,,
,,
,,
,,
,,
,,
,,
,,
,,
,,
,,
,,
,,
,,
,,
,,
,,
,,
,,
,,
,,
,,
,,
,,
,,
,,
,,
,,
,,
,,
,,
,,
,,
,,
,,
,,
,,
,,
,,
,,
,,
,,
,,
,,
,,
,,
,,
,,
,,
,,
,,
,,
,,
,,
,,
,,
,,
,,
,,
,,
,,
,,
,,
,,
,,
,,
,,
,,
,,
,,
,,
,,
,,
,,
,,
,,
,,
,,
,,
,,
,,
,,
,,
,,
,,
,,
,,
,,
,,
,,
,,
,,
,,
,,
,,
,,
,,
,,
,,
,,
,,
,,
,,
,,
,,
,,
,,
,,
,,
,,
,,
,,
,,
,,
,,
,,
,,
,,
,,
,,
,,
,,
,,
,,
,,
,,
,,
,,
,,
,,
,,
,,
,,
,,
,,
,,
,,
,,
,,
,,
,,
,,
,,
,,
,,
,,
,,
,,
,,
,,
,,
,,
,,
,,
,,
,,
,,
,,
,,
,,
,,
,,
,,
,,
,,
,,
,,
,,
,,
,,
,,
,,
,,
,,
,,
,,
,,
,,
,,
,,
,,
,,
,,
,,
,,
,,
,,
,,
,,
,,
,,
,,
,,
,,
,,
,,
,,
,,
,,
,,
,,
,,
,,
,,
,,
,,
,,
,,
,,
,,
,,
,,
,,
,,
,,
,,
,,
,,
,,
,,
,,
,,
,,
,,
,,
,,
,,
,,
,,
,,
,,
,,
,,
,,
,,
,,
,,
,,
,,
,,
,,
,,
,,
,,
,,
,,
,,
,,
,,
,,
,,
,,
,,
,,
,,
,,
,,
,,
,,
,,
,,
,,
,,
,,
,,
,,
,,
,,
,,
,,
,,
,,
,,
,,
,,
,,
,,
,,
,,
,,
,,
,,
,,
,,
,,
,,
,,
,,
,,
,,
,,
,,
,,
,,
,,
,,
,,
,,
,,
,,
,,
,,
,,
,,
,,
,,
,,
,,
,,
,,
,,
,,
,,
,,
,,
,,
,,
,,
,,
,,
,,
,,
,,
,,
,,
,,
,,
,,
,,
,,
,,
,,
,,
,,
,,
,,
,,
,,
,,
,,
,,
,,
,,
,,
,,
,,
,,
,,
,,
,,
,,
,,
,,
,,
,,
,,
,,
,,
,,
,,
,,
,,
,,
,,
,,
,,
,,
,,
,,
,,
,,
,,
,,
,,
,,
,,
,,
,,
,,
,,
,,
,,
,,
,,
,,
,,
,,
,,
,,
,,
,,
,,
,,
,,
,,
,,
,,
,,
,,
,,
,,
,,
,,
,,
,,
,,
,,
,,
,,
,,
,,
,,
,,
,,
,,
,,
,,
,,
,,
,,
,,
,,
,,
,,
,,
,,
,,
,,
,,
,,
,,
,,
,,
,,
,,
,,
,,
,,
,,
,,
,,
,,
,,
,,
,,
,,
,,
,,
,,
,,
,,
,,
,,
,,
,,
,,
,,
,,
,,
,,
,,
,,
,,
,,
,,
,,
,,
,,
,,
,,
,,
,,
,,
,,
,,
,,
,,
,,
,,
,,
,,
,,
,,
,,
,,
,,
,,
,,
,,
,,
,,
,,
,,
,,
,,
,,
,,
,,
,,
,,
,,
,,
,,
,,
,,
,,
,,
,,
,,
,,
,,
,,
,,
,,
,,
,,
,,
,,
,,
,,
,,
,,
,,
,,
,,
,,
,,
,,
,,
,,
,,
,,
,,
,,
,,
,,
,,
,,
,,
,,
,,
,,
,,
,,
,,
,,
,,
,,
,,
,,
,,
,,
,,
,,
,,
,,
,,
,,
,,
,,
,,
,,
,,
,,
,,
,,
,,
,,
,,
,,
,,
,,
,,
,,
,,
,,
,,
,,
,,
,,
,,
,,
,,
,,
,,
,,
,,
,,
,,
,,
,,
,,
,,
,,
,,
,,
,,
,,
,,
,,
,,
,,
,,
,,
,,
,,
,,
,,
,,
,,
,,
,,
,,
,,
,,
,,
,,
,,
,,
,,
,,
,,
,,
,,
,,
,,
,,
,,
,,
,,
,,
,,
,,
,,
,,
,,
,,
,,
,,
,,
,,
,,
,,
,,
,,
,,
,,
,,
,,
,,
,,
,,
,,
,,
,,
,,
,,
,,
,,
,,
,,
,,
,,
,,
,,
,,
,,
,,
,,
,,
,,
,,
,,
,,
,,
,,
,,
,,
,,
,,
,,
,,
,,
,,
,,
,,
,,
,,
,,
,,
,,
,,
,,
,,
,,
,,
,,
,,
,,
,,
,,
,,
,,
,,
,,
,,
,,
,,
,,
,,
,,
,,
,,
,,
,,
,,
,,
,,
,,
,,
,,
,,
,,
,,
,,
,,
,,
,,
,,
,,
,,
,,
,,
,,
,,
,,
,,
,,
,,
,,
,,
,,
,,
,,
,,
,,
,,
,,
,,
,,
,,
,,
,,
,,
,,
,,
,,
,,
,,
,,
,,
,,
,,
,,
,,
,,
,,
,,
,,
,,
,,
,,
,,
,,
,,
,,
,,
,,
,,
,,
,,
,,
,,
,,
,,
,,
,,
,,
,,
,,
,,
,,
,,
,,
,,
,,
,,
,,
,,
,,
,,
,,
,,
,,
,,
,,
,,
,,
,,
,,
,,
,,
,,
,,
,,
,,
,,
,,
,,
,,
,,
,,
,,
,,
,,
,,
,,
,,
,,
,,
,,
,,
,,
,,
,,
,,
,,
,,
,,
,,
,,
,,
,,
,,
,,
,,
,,
,,
,,
,,
,,
,,
,,
,,
,,
,,
,,
,,
,,
,,
,,
,,
,,
,,
,,
,,
,,
,,
,,
,,
,,
,,
,,
,,
,,
,,
,,
,,
,,
,,
,,
,,
,,
,,
,,
,,
,,
,,
,,
,,
,,
,,
,,
,,
,,
,,
,,
,,
,,
,,
,,
,,
,,
,,
,,
,,
,,
,,
,,
,,
,,
,,
,,
,,
,,
,,
,,
,,
,,
,,
,,
,,
,,
,,
,,
,,
,,
,,
,,
,,
,,
,,
,,
,,
,,
,,
,,
,,
,,
,,
,,
,,
,,
,,
,,
,,
,,
,,
,,
,,
,,
,,
,,
,,
,,
,,
,,
,,
,,
,,
,,
,,
,,
,,
,,
,,
,,
,,
,,
,,
,,
,,
,,
,,
,,
,,
,,
,,
,,
,,
,,
,,
,,
,,
,,
,,
,,
,,
,,
,,
,,
,,
,,
,,
,,
,,
,,
,,
,,
,,
,,
,,
,,
,,
,,
,,
,,
,,
,,
,,
,,
,,
,,
,,
,,
,,
,,
,,
,,
,,
,,
,,
,,
,,
,,
,,
,,
,,
,,
,,
,,
,,
,,
,,
,,
,,
,,
,,
,,
,,
,,
,,
,,
,,
,,
,,
,,
,,
,,
,,
,,
,,
,,
,,
,,
,,
,,
,,
,,
,,
,,
,,
,,
,,
,,
,,
,,
,,
,,
,,
,,
,,
,,
,,
,,
,,
,,
,,
,,
,,
,,
,,
,,
,,
,,
,,
,,
,,
,,
,,
,,
,,
,,
,,
,,
,,
,,
,,
,,
,,
,,
,,
,,
,,
,,
,,
,,
,,
,,
,,
,,
,,
,,
,,
,,
,,
,,
,,
,,
,,
,,
,,
,,
,,
,,
,,
,,
,,
,,
,,
,,
,,
,,
,,
,,
,,
,,
,,
,,
,,
,,
,,
,,
,,
,,
,,
,,
,,
,,
,,
,,
,,
,,
,,
,,
,,
,,
,,
,,
,,
,,
,,
,,
,,
,,
,,
,,
,,
,,
,,
,,
,,
,,
,,
,,
,,
,,
,,
,,
,,
,,
,,
,,
,,
,,
,,
,,
,,
,,
,,
,,
,,
,,
,,
,,
,,
,,
,,
,,
,,
,,
,,
,,
,,
,,
,,
,,
,,
,,
,,
,,
,,
,,
,,
,,
,,
,,
,,
,,
,,
,,
,,
,,
,,
,,
,,
,,
,,
,,
,,
,,
,,
,,
,,
,,
,,
,,
,,
,,
,,
,,
,,
,,
,,
,,
,,
,,
,,
,,
,,
,,
,,
,,
,,
,,
,,
,,
,,
,,
,,
,,
,,
,,
,,
,,
,,
,,
,,
,,
,,
,,
,,
,,
,,
,,
,,
,,
,,
,,
,,
,,
,,
,,
,,
,,
,,
,,
,,
,,
,,
,,
,,
,,
,,
,,
,,
,,
,,
,,
,,
,,
,,
,,
,,
,,
,,
,,
,,
,,
,,
,,
,,
,,
,,
,,
,,
,,
,,
,,
,,
,,
,,
,,
,,
,,
,,
,,
,,
,,
,,
,,
,,
,,
,,
,,
,,
,,
,,
,,
,,
,,
,,
,,
,,
,,
,,
,,
,,
,,
,,
,,
,,
,,
,,
,,
,,
,,
,,
,,
,,
,,
,,
,,
,,
,,
,,
,,
,,
,,
,,
,,
,,
,,
,,
,,
,,
,,
,,
,,
,,
,,
,,
,,
,,
,,
,,
,,
,,
,,
,,
,,
,,
,,
,,
,,
,,
,,
,,
,,
,,
,,
,,
,,
,,
,,
,,
,,
,,
,,
,,
,,
,,
,,
,,
,,
,,
,,
,,
,,
,,
,,
,,
,,
,,
,,
,,
,,
,,
,,
,,
,,
,,
,,
,,
,,
,,
,,
,,
,,
,,
,,
,,
,,
,,
,,
,,
,,
,,
,,
,,
,,
,,
,,
,,
,,
,,
,,
,,
,,
,,
,,
,,
,,
,,
,,
,,
,,
,,
,,
,,
,,
,,
,,
,,
,,
,,
,,
,,
,,
,,
,,
,,
,,
,,
,,
,,
,,
,,
,,
,,
,,
,,
,,
,,
,,
,,
,,
,,
,,
,,
,,
,,
,,
,,
,,
,,
,,
,,
,,
,,
,,
,,
,,
,,
,,
,,
,,
,,
,,
,,
,,
,,
,,
,,
,,
,,
,,
,,
,,
,,
,,
,,
,,
,,
,,
,,
,,
,,
,,
,,
,,
,,
,,
,,
,,
,,
,,
,,
,,
,,
,,
,,
,,
,,
,,
,,
,,
,,
,,
,,
,,
,,
,,
,,
,,
,,
,,
,,
,,
,,
,,
,,
,,
,,
,,
,,
,,
,,
,,
,,
,,
,,
,,
,,
,,
,,
,,
,,
,,
,,
,,
,,
,,
,,
,,
,,
,,
,,
,,
,,
,,
,,
,,
,,
,,
,,
,,
,,
,,
,,
,,
,,
,,
,,
,,
,,
,,
,,
,,
,,
,,
,,
,,
,,
,,
,,
,,
,,
,,
,,
,,
,,
,,
,,
,,
,,
,,
,,
,,
,,
,,
,,
,,
,,
,,
,,
,,
,,
,,
,,
,,
,,
,,
,,
,,
,,
,,
,,
,,
,,
,,
,,
,,
,,
,,
,,
,,
,,
,,
,,
,,
,,
,,
,,
,,
,,
,,
,,
,,
,,
,,
,,
,,
,,
,,
,,
,,
,,
,,
,,
,,
,,
,,
,,
,,
,,
,,
,,
,,
,,
,,
,,
,,
,,
,,
,,
,,
,,
,,
,,
,,
,,
,,
,,
,,
,,
,,
,,
,,
,,
,,
,,
,,
,,
,,
,,
,,
,,
,,
,,
,,
,,
,,
,,
,,
,,
,,
,,
,,
,,
,,
,,
,,
,,
,,
,,
,,
,,
,,
,,
,,
,,
,,
,,
,,
,,
,,
,,
,,
,,
,,
,,
,,
,,
,,
,,
,,
,,
,,
,,
,,
,,
,,
,,
,,
,,
,,
,,
,,
,,
,,
,,
,,
,,
,,
,,
,,
,,
,,
,,
,,
,,
,,
,,
,,
,,
,,
,,
,,
,,
,,
,,
,,
,,
,,
,,
,,
,,
,,
,,
,,
,,
,,
,,
,,
,,
,,
,,
,,
,,
,,
,,
,,
,,
,,
,,
,,
,,
,,
,,
,,
,,
,,
,,
,,
,,
,,
,,
,,
,,
,,
,,
,,
,,
,,
,,
,,
,,
,,
,,
,,
,,
,,
,,
,,
,,
,,
,,
,,
,,
,,
,,
,,
,,
,,
,,
,,
,,
,,
,,
,,
,,
,,
,,
,,
,,
,,
,,
,,
,,
,,
,,
,,
,,
,,
,,
,,
,,
,,
,,
,,
,,
,,
,,
,,
,,
,,
,,
,,
,,
,,
,,
,,
,,
,,
,,
,,
,,
,,
,,
,,
,,
,,
,,
,,
,,
,,
,,
,,
,,
,,
,,
,,
,,
,,
,,
,,
,,
,,
,,
,,
,,
,,
,,
,,
,,
,,
,,
,,
,,
,,
,,
,,
,,
,,
,,
,,
,,
,,
,,
,,
,,
,,
,,
,,
,,
,,
,,
,,
,,
,,
,,
,,
,,
,,
,,
,,
,,
,,
,,
,,
,,
,,
,,
,,
,,
,,
,,
,,
,,
,,
,,
,,
,,
,,
,,
,,
,,
,,
,,
,,
,,
,,
,,
,,
,,
,,
,,
,,
,,
,,
,,
,,
,,
,,
,,
,,
,,
,,
,,
,,
,,
,,
,,
,,
,,
,,
,,
,,
,,
,,
,,
,,
,,
,,
,,
,,
,,
,,
,,
,,
,,
,,
,,
,,
,,
,,
,,
,,
,,
,,
,,
,,
,,
,,
,,
,,
,,
,,
,,
,,
,,
,,
,,
,,
,,
,,
,,
,,
,,
,,
,,
,,
,,
,,
,,
,,
,,
,,
,,
,,
,,
,,
,,
,,
,,
,,
,,
,,
,,
,,
,,
,,
,,
,,
,,
,,
,,
,,
,,
,,
,,
,,
,,
,,
,,
,,
,,
,,
,,
,,
,,
,,
,,
,,
,,
,,
,,
,,
,,
,,
,,
,,
,,
,,
,,
,,
,,
,,
,,
,,
,,
,,
,,
,,
,,
,,
,,
,,
,,
,,
,,
,,
,,
,,
,,
,,
,,
,,
,,
,,
,,
,,
,,
,,
,,
,,
,,
,,
,,
,,
,,
,,
,,
,,
,,
,,
,,
,,
,,
,,
,,
,,
,,
,,
,,
,,
,,
,,
,,
,,
,,
,,
,,
,,
,,
,,
,,
,,
,,
,,
,,
,,
,,
,,
,,
,,
,,
,,
,,
,,
,,
,,
,,
,,
,,
,,
,,
,,
,,
,,
,,
,,
,,
,,
,,
,,
,,
,,
,,
,,
,,
,,
,,
,,
,,
,,
,,
,,
,,
,,
,,
,,
,,
,,
,,
,,
,,
,,
,,
,,
,,
,,
,,
,,
,,
,,
,,
,,
,,
,,
,,
,,
,,
,,
,,
,,
,,
,,
,,
,,
,,
,,
,,
,,
,,
,,
,,
,,
,,
,,
,,
,,
,,
,,
,,
,,
,,
,,
,,
,,
,,
,,
,,
,,
,,
,,
,,
,,
,,
,,
,,
,,
,,
,,
,,
,,
,,
,,
,,
,,
,,
,,
,,
,,
,,
,,
,,
,,
,,
,,
,,
,,
,,
,,
,,
,,
,,
,,
,,
,,
,,
,,
,,
,,
,,
,,
,,
,,
,,
,,
,,
,,
,,
,,
,,
,,
,,
,,
,,
,,
,,
,,
,,
,,
,,
,,
,,
,,
,,
,,
,,
,,
,,
,,
,,
,,
,,
,,
,,
,,
,,
,,
,,
,,
,,
,,
,,
,,
,,
,,
,,
,,
,,
,,
,,
,,
,,
,,
,,
,,
,,
,,
,,
,,
,,
,,
,,
,,
,,
,,
,,
,,
,,
,,
,,
,,
,,
,,
,,
,,
,,
,,
,,
,,
,,
,,
,,
,,
,,
,,
,,
,,
,,
,,
,,
,,
,,
,,
,,
,,
,,
,,
,,
,,
,,
,,
,,
,,
,,
,,
,,
,,
,,
,,
,,
,,
,,
,,
,,
,,
,,
,,
,,
,,
,,
,,
,,
,,
,,
,,
,,
,,
,,
,,
,,
,,
,,
,,
,,
,,
,,
,,
,,
,,
,,
,,
,,
,,
,,
,,
,,
,,
,,
,,
,,
,,
,,
,,
,,
,,
,,
,,
,,
,,
,,
,,
,,
,,
,,
,,
,,
,,
,,
,,
,,
,,
,,
,,
,,
,,
,,
,,
,,
,,
,,
,,
,,
,,
,,
,,
,,
,,
,,
,,
,,
,,
,,
,,
,,
,,
,,
,,
,,
,,
,,
,,
,,
,,
,,
,,
,,
,,
,,
,,
,,
,,
,,
,,
,,
,,
,,
,,
,,
,,
,,
,,
,,
,,
,,
,,
,,
,,
,,
,,
,,
,,
,,
,,
,,
,,
,,
,,
,,
,,
,,
,,
,,
,,
,,
,,
,,
,,
,,
,,
,,
,,
,,
,,
,,
,,
,,
,,
,,
,,
,,
,,
,,
,,
,,
,,
,,
,,
,,
,,
,,
,,
,,
,,
,,
,,
,,
,,
,,
,,
,,
,,
,,
,,
,,
,,
,,
,,
,,
,,
,,
,,
,,
,,
,,
,,
,,
,,
,,
,,
,,
,,
,,
,,
,,
,,
,,
,,
,,
,,
,,
,,
,,
,,
,,
,,
,,
,,
,,
,,
,,
,,
,,
,,
,,
,,
,,
,,
,,
,,
,,
,,
,,
,,
,,
,,
,,
,,
,,
,,
,,
,,
,,
,,
,,
,,
,,
,,
,,
,,
,,
,,
,,
,,
,,
,,
